{"filesMd5":[{"page":"/config/index.js","md5":"434a4abc496cdc4eb2acd07e6f928c27"},{"page":"/mediator/index.js","md5":"44e2a4341fad51de5ca176cec5199a4d"},{"page":"/pages/demo/assets/index.js","md5":"a5e599b567e71e129c74c2647a97a34e"},{"page":"/pages/demo/bmcalendar/index.js","md5":"93b61ede76f0206d1f40ceb460c668cb"},{"page":"/pages/demo/bmchart/index.js","md5":"ba42098572a3bb81b85eee8efdce56f8"},{"page":"/pages/demo/bmrichtext/index.js","md5":"ddfe0cef60821814770789731ec095ea"},{"page":"/pages/demo/event/a.js","md5":"a497c7ec2098d1d9154b97ce63e3b00c"},{"page":"/pages/demo/event/b.js","md5":"9a8b8337a1bc064d1feacd3a792e8402"},{"page":"/pages/demo/font/index.js","md5":"7e477605a3015c76c1f09adb07ffc3f3"},{"page":"/pages/demo/globalAttr/index.js","md5":"305862bcb200b43b852d9eae71256d80"},{"page":"/pages/demo/image/index.js","md5":"64468ca1ce26d3fb843db3a6a11e4a2d"},{"page":"/pages/demo/index.js","md5":"fae7f33f456fc1577087f297cb36807b"},{"page":"/pages/demo/inputExtend/index.js","md5":"7dc5bfab42bf92f1e28cd66bb0e52297"},{"page":"/pages/demo/lifecycle/index.js","md5":"30fadc97a1ab348d9ac242ce8dd45b86"},{"page":"/pages/demo/notice/index.js","md5":"ff5080abfc4f00fbe3615a5ed96e7557"},{"page":"/pages/demo/other/bindingx.js","md5":"74b2281f0c98e07771acedef302cc572"},{"page":"/pages/demo/other/bui.js","md5":"979ce9f1ca40ae4e30d6aad2950e26b4"},{"page":"/pages/demo/other/weexui.js","md5":"58781f3f32e22723cb3e95cec49ad75c"},{"page":"/pages/demo/refresh/index.js","md5":"3d63082f37941d4b422acf49c89fc0f8"},{"page":"/pages/demo/router/index.js","md5":"c6f20545f72640345140187936edf75c"},{"page":"/pages/demo/router/tabbarItem1.js","md5":"9c551152750f4868c7455d5e6e9b6d86"},{"page":"/pages/demo/router/tabbarItem2.js","md5":"1a99814ca93f5b6e02e9f6622c0b8624"},{"page":"/pages/demo/router/tabbarItem3.js","md5":"dfee6b29b980119a80a252377eda78c2"},{"page":"/pages/demo/storage/index.js","md5":"8f620a0a0be97aa9f73bf7f9f43bf3e9"},{"page":"/iconfont/font_1469606063_76593.ttf","md5":"f6222bcfedff4a817bb50df7a049d1db"},{"page":"/iconfont/font_1469606522_9417143.woff","md5":"6cf5490fd14ff83350ff952bb5b8e484"},{"page":"/iconfont/font_zn5b3jswpofuhaor.ttf","md5":"c0356b22e8235d2b0be8880cc81894cc"},{"page":"/iconfont/iconfont-eros.ttf","md5":"68780fad0047dc5b02cb613ebb08cda1"},{"page":"/iconfont/iconfont.ttf","md5":"ec86bfe5bdb872bad2b2af4f11da14f4"},{"page":"/assets/TabBar_Item1@2x.png","md5":"02c1875f727a1f4ec7a9e113498a96a5"},{"page":"/assets/TabBar_Item1_Selected@2x.png","md5":"d5e7609700d9a4f075e39b20fecbb9c3"},{"page":"/assets/TabBar_Item2@2x.png","md5":"a30651ed422c597849ce3d69b2f79048"},{"page":"/assets/TabBar_Item2_Selected@2x.png","md5":"fe893d14ff2d7b330a4aeefddbd8a7fa"},{"page":"/assets/TabBar_Item3@2x.png","md5":"fd2645e8081db44f2110661c2643f5cf"},{"page":"/assets/TabBar_Item3_Selected@2x.png","md5":"457d615a5c198b0148609f5eed84be70"},{"page":"/assets/demo.jpg","md5":"332c4e7d5398207c1b49750369a72848"}],"android":"eros-template-version","iOS":"eros-template-version","appName":"eros-template-name","jsVersion":"3066f2ff6e3456f01878bbd022614cb6","timestamp":1528195032111,"jsPath":"https://app.weex-eros.com/source"}
