{"filesMd5":[{"android":"eros-template-version","iOS":"eros-template-version","page":"/config/index.js","md5":"3f78f3596af5b1a25908039ab1cd3952"},{"android":"eros-template-version","iOS":"eros-template-version","page":"/mediator/index.js","md5":"e0009564ae0f9e1bf26e79c81babec2f"},{"android":"eros-template-version","iOS":"eros-template-version","page":"/pages/eros-demos/index.js","md5":"be9326c62baee60c66ac17232f440e56"},{"android":"eros-template-version","iOS":"eros-template-version","page":"/pages/eros-demos/tab1/tab-page/index.js","md5":"094ca4a4e1f68012cb003ee2f13f4f76"},{"android":"eros-template-version","iOS":"eros-template-version","page":"/pages/eros-demos/tab2/amap.js","md5":"b04f34a112b23355d2e5af304c3bf76d"},{"android":"eros-template-version","iOS":"eros-template-version","page":"/pages/eros-demos/tab2/iconfont.js","md5":"140103a27d2290993a93f51a715af25f"},{"android":"eros-template-version","iOS":"eros-template-version","page":"/pages/eros-demos/tab2/index.js","md5":"268ca49a807cdc304fad657a5bfaf48e"},{"android":"eros-template-version","iOS":"eros-template-version","page":"/pages/eros-demos/tab2/router.js","md5":"3d1f436022736e3119472c64e48a5fb4"},{"android":"eros-template-version","iOS":"eros-template-version","page":"/pages/eros-demos/tab3/index.js","md5":"41bfa7a82534bb39ac9e531722689fea"},{"android":"eros-template-version","iOS":"eros-template-version","page":"/pages/eros-demos/tab3/demo/index.js","md5":"e6943c95d2368a31e5a61109bdbcddfc"},{"android":"eros-template-version","iOS":"eros-template-version","page":"/pages/eros-demos/tab3/waterfall.js","md5":"fa66ef2f19724d9f4dad43e7b75855cb"}],"android":"eros-template-version","iOS":"eros-template-version","appName":"eros-template-name","jsVersion":"268059aa2cc9a7d4c43521806c9d182d","timestamp":1514955990951,"jsPath":"https://app.weex-eros.com/source"}
