{"filesMd5":[{"page":"/config/index.js","md5":"c1d5b7f03c661ad2eff6c7b297d3ab54"},{"page":"/mediator/index.js","md5":"7333e1ece49c3e2275d54f9c9229f2b8"},{"page":"/pages/demo/assets/index.js","md5":"55266ec687ef14ee549f89d02564c3ed"},{"page":"/pages/demo/bmcalendar/index.js","md5":"31f787754feea10c20e5fb8d5fb2f56c"},{"page":"/pages/demo/bmchart/index.js","md5":"90197487914566b20e868c40a07b5f1b"},{"page":"/pages/demo/bmrichtext/index.js","md5":"6298152ff841663b74354a237e4ad36e"},{"page":"/pages/demo/coms/index.js","md5":"d64e5782810f505394dadcd61f05bb56"},{"page":"/pages/demo/event/a.js","md5":"92ab394c5e8c61448bb78185a4606417"},{"page":"/pages/demo/event/b.js","md5":"38d5cb7100435217b6fd9597ef70df88"},{"page":"/pages/demo/font/index.js","md5":"e5394f0cc636891980226802f9b62e62"},{"page":"/pages/demo/globalAttr/index.js","md5":"b2b521ae73f9c3bc738a0c025661e14f"},{"page":"/pages/demo/image/index.js","md5":"0decd0fd48a39805666d71660700477a"},{"page":"/pages/demo/index.js","md5":"31b0d13aa70681cbce3a7aff0b6f4990"},{"page":"/pages/demo/inputExtend/index.js","md5":"b48d1e0a8e0234f6f04d84cee9f20bc2"},{"page":"/pages/demo/lifecycle/index.js","md5":"f064b84bfdba1e1c8e6a65412a8ee0b5"},{"page":"/pages/demo/navigator/index.js","md5":"6d92c83347c18d99451efe8769657d66"},{"page":"/pages/demo/notice/index.js","md5":"a95e04a84e0e4492f4a50766d10f1759"},{"page":"/pages/demo/other/bindingx.js","md5":"3398453aeb07bcd894936f1ae3ea03bd"},{"page":"/pages/demo/other/waterfall.js","md5":"aab92c3610cba8390bbd95256eb3ca31"},{"page":"/pages/demo/other/weex-ui/tab-page/index.js","md5":"afaae551109cd5d948cdafac566cc4fa"},{"page":"/pages/demo/refresh/index.js","md5":"c8ec1a98234b808595d0a55c4849483f"},{"page":"/pages/demo/router/home.js","md5":"810248bb0f0f181b9994158396877b54"},{"page":"/pages/demo/router/index.js","md5":"0c16ebc469249fcf196887ff4a14a91d"},{"page":"/pages/demo/storage/index.js","md5":"362cd88ca0558a6c266dbc0dc626af23"},{"page":"/pages/demo/tools/index.js","md5":"7fcf25fcaca2e312ae5e921b69056c3f"},{"page":"/iconfont/font_1469606063_76593.ttf","md5":"f6222bcfedff4a817bb50df7a049d1db"},{"page":"/iconfont/font_1469606522_9417143.woff","md5":"6cf5490fd14ff83350ff952bb5b8e484"},{"page":"/iconfont/font_zn5b3jswpofuhaor.ttf","md5":"c0356b22e8235d2b0be8880cc81894cc"},{"page":"/iconfont/iconfont-eros.ttf","md5":"68780fad0047dc5b02cb613ebb08cda1"},{"page":"/iconfont/iconfont.ttf","md5":"ec86bfe5bdb872bad2b2af4f11da14f4"},{"page":"/assets/demo.jpg","md5":"332c4e7d5398207c1b49750369a72848"}],"android":"eros-template-version","iOS":"eros-template-version","appName":"eros-template-name","jsVersion":"374df61778ecbf453f891c2f789106e6","timestamp":1521015020267,"jsPath":"https://app.weex-eros.com/source"}
