{"filesMd5":[{"page":"/config/index.js","md5":"8dbfd43a1a0559d5bf13f97a4369d455"},{"page":"/mediator/index.js","md5":"e23855ca4dc5e9e85ef5d0863b21522d"},{"page":"/pages/demo/assets/index.js","md5":"91cf6d38bbd6eba1e2db693d574ef555"},{"page":"/pages/demo/bmcalendar/index.js","md5":"f41464bda4134a21b28af24433663604"},{"page":"/pages/demo/bmchart/index.js","md5":"71ef4c5ae6fb1e01d736d08c9dc8f3b7"},{"page":"/pages/demo/bmrichtext/index.js","md5":"cbbb0051ecff34e6e735ab36fda4ba28"},{"page":"/pages/demo/event/a.js","md5":"5f07ed07f741ba4a3ff0b62817036a21"},{"page":"/pages/demo/event/b.js","md5":"85c59db0c155849e1812cdb385f531a9"},{"page":"/pages/demo/font/index.js","md5":"f5d67a1a555247a7137e3320d3a7f79b"},{"page":"/pages/demo/globalAttr/index.js","md5":"e7c4ac65a80edc7b417b5ba2a642989a"},{"page":"/pages/demo/image/index.js","md5":"0584be22c9407dca0463a97d6b8a8edf"},{"page":"/pages/demo/index.js","md5":"b6bf0d4d2c3ba766a70b0d865f1048f6"},{"page":"/pages/demo/inputExtend/index.js","md5":"02c586aa38447bd88ec29e545bb04c10"},{"page":"/pages/demo/lifecycle/index.js","md5":"1721ebfbf835734cc27ed344178efc42"},{"page":"/pages/demo/notice/index.js","md5":"866bb5138f83dcee0580cd92e275d5c5"},{"page":"/pages/demo/other/bindingx.js","md5":"cbf6ba84d456dca776cac09d3d2cefc7"},{"page":"/pages/demo/other/weexui.js","md5":"90af9ee9703319d99b3626df12e521c5"},{"page":"/pages/demo/refresh/index.js","md5":"1951ac323b464150d0f76e6d891541d7"},{"page":"/pages/demo/router/home.js","md5":"565b396de69ac9120f93c521cc064818"},{"page":"/pages/demo/router/index.js","md5":"80fa882fcd1f3891962ccfc05d58cc2f"},{"page":"/pages/demo/storage/index.js","md5":"7a04f798cea541c077d141b81c05debd"},{"page":"/iconfont/font_1469606063_76593.ttf","md5":"f6222bcfedff4a817bb50df7a049d1db"},{"page":"/iconfont/font_1469606522_9417143.woff","md5":"6cf5490fd14ff83350ff952bb5b8e484"},{"page":"/iconfont/font_zn5b3jswpofuhaor.ttf","md5":"c0356b22e8235d2b0be8880cc81894cc"},{"page":"/iconfont/iconfont-eros.ttf","md5":"68780fad0047dc5b02cb613ebb08cda1"},{"page":"/iconfont/iconfont.ttf","md5":"ec86bfe5bdb872bad2b2af4f11da14f4"},{"page":"/assets/demo.jpg","md5":"332c4e7d5398207c1b49750369a72848"}],"android":"eros-template-version","iOS":"eros-template-version","appName":"eros-template-name","jsVersion":"afd06c79f3b54f84e5aa005e3ec21127","timestamp":1521709278605,"jsPath":"https://app.weex-eros.com/source"}
