{"filesMd5":[{"page":"/config/index.js","md5":"fd775fd54b9badef79613d57f21c658a"},{"page":"/mediator/index.js","md5":"e148c4dbf9d7701c9e37244d4b56b699"},{"page":"/pages/demo/assets/index.js","md5":"dacbcf87ad26a286d13f9619948a0d33"},{"page":"/pages/demo/bmcalendar/index.js","md5":"6823e27175d8590b4d1e6b2338c9f3c5"},{"page":"/pages/demo/bmchart/index.js","md5":"e9066649c525d3f5a855de6a662313b4"},{"page":"/pages/demo/bmrichtext/index.js","md5":"c2816a30ebf94c93e7f68f0e0db2a8a5"},{"page":"/pages/demo/event/a.js","md5":"c4739e19889c94dd8ceffc5e7c29a7bb"},{"page":"/pages/demo/event/b.js","md5":"7536d2e4209fb37f69181fa259047a53"},{"page":"/pages/demo/font/index.js","md5":"3bb1ab8617716597ffe699fa5950fcf1"},{"page":"/pages/demo/globalAttr/index.js","md5":"655a71dc82ce598ff89a9a0a927652ec"},{"page":"/pages/demo/image/index.js","md5":"c75ff178e48f2200441ae4286b0cd645"},{"page":"/pages/demo/index.js","md5":"18a143f70d107f74ca5304a95f810607"},{"page":"/pages/demo/inputExtend/index.js","md5":"908e015ebf8341d131cd52e31a124b2d"},{"page":"/pages/demo/lifecycle/index.js","md5":"782f13c3204c6f14331107b084716fc5"},{"page":"/pages/demo/notice/index.js","md5":"555262355460cdfa8b8c61ce1f768060"},{"page":"/pages/demo/other/bindingx.js","md5":"d6777b63c5cd2c23ca78aa2e8cef9d86"},{"page":"/pages/demo/other/weexui.js","md5":"96639e0c636b0d16ad16285e7531a86d"},{"page":"/pages/demo/refresh/index.js","md5":"64bef54407a10ee2dd063fda57eec3d1"},{"page":"/pages/demo/router/home.js","md5":"577151dc36d3f8ef2b230284ba2f9921"},{"page":"/pages/demo/router/index.js","md5":"403131b64a45904e6036a4c65dcc7c21"},{"page":"/pages/demo/storage/index.js","md5":"1b0be0d5ded19b5d038fc8d2f488b377"},{"page":"/iconfont/font_1469606063_76593.ttf","md5":"f6222bcfedff4a817bb50df7a049d1db"},{"page":"/iconfont/font_1469606522_9417143.woff","md5":"6cf5490fd14ff83350ff952bb5b8e484"},{"page":"/iconfont/font_zn5b3jswpofuhaor.ttf","md5":"c0356b22e8235d2b0be8880cc81894cc"},{"page":"/iconfont/iconfont-eros.ttf","md5":"68780fad0047dc5b02cb613ebb08cda1"},{"page":"/iconfont/iconfont.ttf","md5":"ec86bfe5bdb872bad2b2af4f11da14f4"},{"page":"/assets/demo.jpg","md5":"332c4e7d5398207c1b49750369a72848"}],"android":"eros-template-version","iOS":"eros-template-version","appName":"eros-template-name","jsVersion":"049374756087e425f47488377952f857","timestamp":1521614876154,"jsPath":"https://app.weex-eros.com/source"}
