{"filesMd5":[{"page":"/config/index.js","md5":"0a1c59241af1d15b6a01e96cdb97554f"},{"page":"/mediator/index.js","md5":"264df67f623fa2c058cdc3ec0eb4e93b"},{"page":"/pages/demo/assets/index.js","md5":"580f5f57a3f3d36bfc77d8f677156786"},{"page":"/pages/demo/bmcalendar/index.js","md5":"e0c97b8ea2ecef8a10843e4e21df8553"},{"page":"/pages/demo/bmchart/index.js","md5":"b399fc45f5ff421e7ede7802031632e7"},{"page":"/pages/demo/bmrichtext/index.js","md5":"76b28c00c029d68a09df2b54cb2ccc62"},{"page":"/pages/demo/coms/index.js","md5":"7df9e84760c3657a0a2315b2378a0163"},{"page":"/pages/demo/event/a.js","md5":"0f2d838abcc1a2725256f669ae0851ac"},{"page":"/pages/demo/event/b.js","md5":"730b98e4b86b27df1ca7f3f5de147a37"},{"page":"/pages/demo/font/index.js","md5":"45ef61ce4ca3865bdd939272ad00941c"},{"page":"/pages/demo/globalAttr/index.js","md5":"eed3f1677f591ba89d0e82b9a461914a"},{"page":"/pages/demo/image/index.js","md5":"a523114220411ff4ea0f86fe6d75e71f"},{"page":"/pages/demo/index.js","md5":"f8615e753fa5f67988ad54e4d758c82c"},{"page":"/pages/demo/inputExtend/index.js","md5":"3b9d1d288f07979584c4d08f93fb2dd7"},{"page":"/pages/demo/lifecycle/index.js","md5":"79bc8abd1accae2928cc73874d114893"},{"page":"/pages/demo/navigator/index.js","md5":"533f90ba354f6c92960a8f53e6b9ea11"},{"page":"/pages/demo/notice/index.js","md5":"9966d1804d5c4c88f70ad9e65540c017"},{"page":"/pages/demo/refresh/index.js","md5":"585db1e215706c2918c98bfd7d38d4b4"},{"page":"/pages/demo/router/home.js","md5":"b4e259d9bea9db9be26469de52dc40ad"},{"page":"/pages/demo/router/index.js","md5":"ad3dbd38b65388d26361103ef9aafbf2"},{"page":"/pages/demo/tools/index.js","md5":"35d5dcb8d0b5201a2b7b68dd801be81e"},{"page":"/pages/demo/storage/index.js","md5":"1e022bb3a8e4982d3e86bc1abccbc970"},{"page":"/iconfont/font_1469606063_76593.ttf","md5":"f6222bcfedff4a817bb50df7a049d1db"},{"page":"/iconfont/font_1469606522_9417143.woff","md5":"6cf5490fd14ff83350ff952bb5b8e484"},{"page":"/iconfont/font_zn5b3jswpofuhaor.ttf","md5":"c0356b22e8235d2b0be8880cc81894cc"},{"page":"/iconfont/iconfont.ttf","md5":"ec86bfe5bdb872bad2b2af4f11da14f4"},{"page":"/assets/demo.jpg","md5":"332c4e7d5398207c1b49750369a72848"}],"android":"eros-template-version","iOS":"eros-template-version","appName":"eros-template-name","jsVersion":"75534f51aa75f0e092349e510efc4d4d","timestamp":1516775645140,"jsPath":"https://app.weex-eros.com/source"}
