{"filesMd5":[{"page":"/config/index.js","md5":"8dbfd43a1a0559d5bf13f97a4369d455"},{"page":"/mediator/index.js","md5":"e23855ca4dc5e9e85ef5d0863b21522d"},{"page":"/pages/demo/assets/index.js","md5":"9cafd0726d9dc7a4acfe87dd36599cc6"},{"page":"/pages/demo/bmcalendar/index.js","md5":"53f1873776edca321ee78b2a42de9706"},{"page":"/pages/demo/bmchart/index.js","md5":"6866986948c95c3b66401f2384cd5512"},{"page":"/pages/demo/bmrichtext/index.js","md5":"04c13e0069d6849bffb6b238ea350e8f"},{"page":"/pages/demo/event/a.js","md5":"3b5d4302be3917cb7736475f14c644bf"},{"page":"/pages/demo/event/b.js","md5":"0613c03efa4b78593e32b67f4520cce7"},{"page":"/pages/demo/font/index.js","md5":"55208df38946d0542c4c21306a841619"},{"page":"/pages/demo/globalAttr/index.js","md5":"ab2f6a91967371c9b86655e096dffcba"},{"page":"/pages/demo/image/index.js","md5":"321ff97f9ad857da9fe6a0620afc82a0"},{"page":"/pages/demo/index.js","md5":"0f4afc9a3dc2f18ba3f1cd69f94aff00"},{"page":"/pages/demo/inputExtend/index.js","md5":"cdec3fcfbbbdd1a4254283eb09dcafc6"},{"page":"/pages/demo/lifecycle/index.js","md5":"1721ebfbf835734cc27ed344178efc42"},{"page":"/pages/demo/notice/index.js","md5":"ae7337c553207afb7efa5b4b59112556"},{"page":"/pages/demo/other/bindingx.js","md5":"cbf6ba84d456dca776cac09d3d2cefc7"},{"page":"/pages/demo/other/weexui.js","md5":"d7668c949b14a63044a341d1e22b216c"},{"page":"/pages/demo/refresh/index.js","md5":"acded965e48c4511afc1067abf10f901"},{"page":"/pages/demo/router/home.js","md5":"bf3f3b231bc1de765555d8813715b32a"},{"page":"/pages/demo/router/index.js","md5":"52140d22d1211b3480469dd1ae466d74"},{"page":"/pages/demo/storage/index.js","md5":"85f5b7c9aafe8712fc01cc924b1c1023"},{"page":"/iconfont/font_1469606063_76593.ttf","md5":"f6222bcfedff4a817bb50df7a049d1db"},{"page":"/iconfont/font_1469606522_9417143.woff","md5":"6cf5490fd14ff83350ff952bb5b8e484"},{"page":"/iconfont/font_zn5b3jswpofuhaor.ttf","md5":"c0356b22e8235d2b0be8880cc81894cc"},{"page":"/iconfont/iconfont-eros.ttf","md5":"68780fad0047dc5b02cb613ebb08cda1"},{"page":"/iconfont/iconfont.ttf","md5":"ec86bfe5bdb872bad2b2af4f11da14f4"},{"page":"/assets/demo.jpg","md5":"332c4e7d5398207c1b49750369a72848"}],"android":"eros-template-version","iOS":"eros-template-version","appName":"eros-template-name","jsVersion":"95cb3c0011ebcb92a55d3d4193c981cd","timestamp":1522146236449,"jsPath":"https://app.weex-eros.com/source"}
