{"filesMd5":[{"page":"/config/index.js","md5":"74638de6a74c38dac43d026818e548dc"},{"page":"/mediator/index.js","md5":"e0009564ae0f9e1bf26e79c81babec2f"},{"page":"/pages/eros-demos/index.js","md5":"d4794c388d18d5847a9f1efa8d8e0d67"},{"page":"/pages/eros-demos/tab1/tab-page/index.js","md5":"f232614d1825734499df19e88eb5dccc"},{"page":"/pages/eros-demos/tab2/amap.js","md5":"b04f34a112b23355d2e5af304c3bf76d"},{"page":"/pages/eros-demos/tab2/iconfont.js","md5":"140103a27d2290993a93f51a715af25f"},{"page":"/pages/eros-demos/tab2/index.js","md5":"268ca49a807cdc304fad657a5bfaf48e"},{"page":"/pages/eros-demos/tab2/router.js","md5":"3d1f436022736e3119472c64e48a5fb4"},{"page":"/pages/eros-demos/tab3/demo/index.js","md5":"e6943c95d2368a31e5a61109bdbcddfc"},{"page":"/pages/eros-demos/tab3/index.js","md5":"41bfa7a82534bb39ac9e531722689fea"},{"page":"/pages/eros-demos/tab3/waterfall.js","md5":"fa66ef2f19724d9f4dad43e7b75855cb"},{"page":"/iconfont/font_1469606063_76593.ttf","md5":"f6222bcfedff4a817bb50df7a049d1db"},{"page":"/iconfont/font_1469606522_9417143.woff","md5":"6cf5490fd14ff83350ff952bb5b8e484"},{"page":"/iconfont/font_zn5b3jswpofuhaor.ttf","md5":"c0356b22e8235d2b0be8880cc81894cc"},{"page":"/iconfont/iconfont.ttf","md5":"ec86bfe5bdb872bad2b2af4f11da14f4"},{"page":"/assets/test.jpeg","md5":"58c74e921886aa24f88f758d494ebc6a"}],"android":"eros-template-version","iOS":"eros-template-version","appName":"eros-template-name","jsVersion":"e063feec5d7b268c96e7146550dd425f","timestamp":1514970361176,"jsPath":"https://app.weex-eros.com/source"}
