{"filesMd5":[{"page":"/config/index.js","md5":"8b41a5795a639f250df9c2fcf9d3ffd2"},{"page":"/mediator/index.js","md5":"fd077da1b2ade5ec248f7e91511dec01"},{"page":"/pages/demo/assets/index.js","md5":"cba364c77bdad7257164f69b63ed536c"},{"page":"/pages/demo/bmcalendar/index.js","md5":"92ee105b950e3e862478e5e7cbd73e43"},{"page":"/pages/demo/bmchart/index.js","md5":"bdfb3b458f3a28400dbeb164e9fd5069"},{"page":"/pages/demo/bmrichtext/index.js","md5":"3b109a27f3df86e5a7c025964d4098ca"},{"page":"/pages/demo/coms/index.js","md5":"e2c13b1d33142f1cf9d9eaba1bf0df14"},{"page":"/pages/demo/event/a.js","md5":"29ba1b0019034e7ec1b681e69617feb1"},{"page":"/pages/demo/event/b.js","md5":"699716488401e654574f6607e3b22f7f"},{"page":"/pages/demo/font/index.js","md5":"23b2e20e7a15875198d9fc3c6919dd55"},{"page":"/pages/demo/globalAttr/index.js","md5":"658744c460ceb7425b4e50d96e560e8a"},{"page":"/pages/demo/image/index.js","md5":"ae3efd30dfb245724703e7f571367919"},{"page":"/pages/demo/index.js","md5":"9438f56a19afb3ccafe9ff16892cf7a5"},{"page":"/pages/demo/inputExtend/index.js","md5":"70a1d8722be7442878ee377d3eeec244"},{"page":"/pages/demo/lifecycle/index.js","md5":"d17d2f3f8c9771c9118a800bf4e47e5e"},{"page":"/pages/demo/navigator/index.js","md5":"0e0463accbe901fbc770a1323394799a"},{"page":"/pages/demo/notice/index.js","md5":"e4aefbcf23da1f52e1bbcdc3b70c5eeb"},{"page":"/pages/demo/other/waterfall.js","md5":"94f719c5af5568e9b7b794e35f79cb55"},{"page":"/pages/demo/other/weex-ui/tab-page/index.js","md5":"58f0e4d05d7251abba4c5ed2b2c268cc"},{"page":"/pages/demo/refresh/index.js","md5":"ed6035056b94052d8b161e0d3c7c42d2"},{"page":"/pages/demo/router/home.js","md5":"fcf180594b1bef10a0c71b8a2d114b75"},{"page":"/pages/demo/router/index.js","md5":"4deda09e2652bfe749208eaa2b6b5de0"},{"page":"/pages/demo/storage/index.js","md5":"1cd79370ed04810d894a64ba9dcd0f25"},{"page":"/pages/demo/tools/index.js","md5":"323533cc8311afbd2306ca17f6da8f7e"},{"page":"/iconfont/font_1469606063_76593.ttf","md5":"f6222bcfedff4a817bb50df7a049d1db"},{"page":"/iconfont/font_1469606522_9417143.woff","md5":"6cf5490fd14ff83350ff952bb5b8e484"},{"page":"/iconfont/font_zn5b3jswpofuhaor.ttf","md5":"c0356b22e8235d2b0be8880cc81894cc"},{"page":"/iconfont/iconfont-eros.ttf","md5":"68780fad0047dc5b02cb613ebb08cda1"},{"page":"/iconfont/iconfont.ttf","md5":"ec86bfe5bdb872bad2b2af4f11da14f4"},{"page":"/assets/demo.jpg","md5":"332c4e7d5398207c1b49750369a72848"}],"android":"eros-template-version","iOS":"eros-template-version","appName":"eros-template-name","jsVersion":"fc1d989ba4bb4ab0365b65e1289bbdfb","timestamp":1520411200777,"jsPath":"https://app.weex-eros.com/source"}
