{"filesMd5":[{"page":"/config/index.js","md5":"bedb40b087c42ebc7434a96ab8dfcbec"},{"page":"/mediator/index.js","md5":"13f16399d7781fc04241c86c7e1f46bc"},{"page":"/pages/eros-demos/index.js","md5":"9333e271612a177181b7da62f0d4dd81"},{"page":"/pages/eros-demos/tab1/tab-page/index.js","md5":"b7f1fbb5ded5a83859778c2e02ad08e9"},{"page":"/pages/eros-demos/tab2/amap.js","md5":"156916b8c123361a0739d59e6087c7a3"},{"page":"/pages/eros-demos/tab2/iconfont.js","md5":"3ba9e4694e66a345088ed7650aefaaad"},{"page":"/pages/eros-demos/tab2/index.js","md5":"ba573f4284e174acf24d7b1c70d49bf0"},{"page":"/pages/eros-demos/tab2/router.js","md5":"e12381c59a1d6f9e85ad19d4a4f77733"},{"page":"/pages/eros-demos/tab3/demo/index.js","md5":"763f087d526bbbf91106bcff1b2aefe6"},{"page":"/pages/eros-demos/tab3/index.js","md5":"c8e74edb66c27aae6d5790be1ca01b6c"},{"page":"/pages/eros-demos/tab3/waterfall.js","md5":"93fbf46234438dd294b300b25ce79ed9"},{"page":"/iconfont/font_1469606063_76593.ttf","md5":"f6222bcfedff4a817bb50df7a049d1db"},{"page":"/iconfont/font_1469606522_9417143.woff","md5":"6cf5490fd14ff83350ff952bb5b8e484"},{"page":"/iconfont/font_zn5b3jswpofuhaor.ttf","md5":"c0356b22e8235d2b0be8880cc81894cc"},{"page":"/iconfont/iconfont.ttf","md5":"ec86bfe5bdb872bad2b2af4f11da14f4"},{"page":"/assets/test.jpeg","md5":"58c74e921886aa24f88f758d494ebc6a"}],"android":"eros-template-version","iOS":"eros-template-version","appName":"eros-template-name","jsVersion":"8cedd07e0eb30488dcff9baa4aa75539","timestamp":1515146785413,"jsPath":"https://app.weex-eros.com/source"}
