{"filesMd5":[{"page":"/config/index.js","md5":"6c34b4f497740cfa2e0862fe753bd9b9"},{"page":"/mediator/index.js","md5":"d6c3858c992597831fe1e858cd57019e"},{"page":"/pages/eros-demos/index.js","md5":"2bc7d1e544c646519c71672dfb578424"},{"page":"/pages/eros-demos/tab1/tab-page/index.js","md5":"8cfd86328d3d5e1ec846bec9137c2523"},{"page":"/pages/eros-demos/tab2/amap.js","md5":"44c086e47185ef62b9696133d111a246"},{"page":"/pages/eros-demos/tab2/iconfont.js","md5":"80dc22e927a10639473468528837428e"},{"page":"/pages/eros-demos/tab2/index.js","md5":"6f2900104333ba9973ff7e221f018672"},{"page":"/pages/eros-demos/tab2/router.js","md5":"6b6b3a661b33b2f03564221e1a9febeb"},{"page":"/pages/eros-demos/tab3/demo/index.js","md5":"d78e4ec076ec8142706b806222712182"},{"page":"/pages/eros-demos/tab3/index.js","md5":"9a0ccc30836775cc1190f6f3256db55d"},{"page":"/pages/eros-demos/tab3/waterfall.js","md5":"3d03155f981e1c29b78f799af8b7bcbd"},{"page":"/iconfont/font_1469606063_76593.ttf","md5":"f6222bcfedff4a817bb50df7a049d1db"},{"page":"/iconfont/font_1469606522_9417143.woff","md5":"6cf5490fd14ff83350ff952bb5b8e484"},{"page":"/iconfont/font_zn5b3jswpofuhaor.ttf","md5":"c0356b22e8235d2b0be8880cc81894cc"},{"page":"/iconfont/iconfont.ttf","md5":"ec86bfe5bdb872bad2b2af4f11da14f4"},{"page":"/assets/test.jpeg","md5":"58c74e921886aa24f88f758d494ebc6a"}],"android":"eros-template-version","iOS":"eros-template-version","appName":"eros-template-name","jsVersion":"0f6d7ce570eaf0565389432abb5cdac6","timestamp":1515484653753,"jsPath":"https://app.weex-eros.com/source"}
