{"filesMd5":[{"page":"/config/index.js","md5":"088db95a9e9d25610b4bbd6680d66872"},{"page":"/mediator/index.js","md5":"d6c3858c992597831fe1e858cd57019e"},{"page":"/pages/demo/bmcalendar/index.js","md5":"97de5c68ba3e9936e0a6d0d8a525c34e"},{"page":"/pages/demo/bmchart/index.js","md5":"ffcbdb0a3872ba450be74129bb5d0a3a"},{"page":"/pages/demo/assets/index.js","md5":"0512e37bd2558cd2da831f395e10a351"},{"page":"/pages/demo/bmrichtext/index.js","md5":"341b85e0d334f74ff8e169ea8c0f84c6"},{"page":"/pages/demo/coms/index.js","md5":"3b79649ef488f383e142ddae6d50ac22"},{"page":"/pages/demo/event/a.js","md5":"93ef9f6454c6afc6450119317a24a5b5"},{"page":"/pages/demo/event/b.js","md5":"243903eda6d09e5ef5af44ce49d2a6d4"},{"page":"/pages/demo/font/index.js","md5":"da443e4c794a4ee596c522ef679510f9"},{"page":"/pages/demo/globalAttr/index.js","md5":"c5f2f1219332b96e2b611606d90d0730"},{"page":"/pages/demo/image/index.js","md5":"73571799027966509cb8f57dc867cf8d"},{"page":"/pages/demo/index.js","md5":"8f8df6ce78c8e2fe29c4c84c76bb998c"},{"page":"/pages/demo/inputExtend/index.js","md5":"3ff967ed702ad46ee7b53941dcc53d58"},{"page":"/pages/demo/lifecycle/index.js","md5":"2c5008f3d417c62b42ecae85a4d4a094"},{"page":"/pages/demo/navigator/index.js","md5":"371dcdca6115cc054b99b742fa46105a"},{"page":"/pages/demo/notice/index.js","md5":"19df7fae77b45a5ef83d3ac16f7ba536"},{"page":"/pages/demo/other/waterfall.js","md5":"31dd8ea6739c70ea01a642e07bdff947"},{"page":"/pages/demo/other/weex-ui/tab-page/index.js","md5":"824c8b3629b685162cb090dc8e7b9730"},{"page":"/pages/demo/refresh/index.js","md5":"b67747da739eba7312d91ee8fe7d396f"},{"page":"/pages/demo/router/home.js","md5":"a4562fb4e76e5b75da2fbd4b759d042c"},{"page":"/pages/demo/router/index.js","md5":"24951a15b34df3d6cd3bca44993c9e48"},{"page":"/pages/demo/storage/index.js","md5":"55843897b3c9a08e3ab228c467609fd7"},{"page":"/pages/demo/tools/index.js","md5":"8268e900c72d3cfc37a7d781af5d0e14"},{"page":"/iconfont/font_1469606063_76593.ttf","md5":"f6222bcfedff4a817bb50df7a049d1db"},{"page":"/iconfont/font_1469606522_9417143.woff","md5":"6cf5490fd14ff83350ff952bb5b8e484"},{"page":"/iconfont/font_zn5b3jswpofuhaor.ttf","md5":"c0356b22e8235d2b0be8880cc81894cc"},{"page":"/iconfont/iconfont-eros.ttf","md5":"68780fad0047dc5b02cb613ebb08cda1"},{"page":"/iconfont/iconfont.ttf","md5":"ec86bfe5bdb872bad2b2af4f11da14f4"},{"page":"/assets/demo.jpg","md5":"332c4e7d5398207c1b49750369a72848"}],"android":"eros-template-version","iOS":"eros-template-version","appName":"eros-template-name","jsVersion":"98d1bd87db17bcece6b13e9e20d84c77","timestamp":1518162012124,"jsPath":"https://app.weex-eros.com/source"}
