{"filesMd5":[{"android":"eros-template-version","iOS":"eros-template-version","page":"/config/index.js","md5":"31fd49dddbf67a5e07df118c73e7c553"},{"android":"eros-template-version","iOS":"eros-template-version","page":"/mediator/index.js","md5":"e0009564ae0f9e1bf26e79c81babec2f"},{"android":"eros-template-version","iOS":"eros-template-version","page":"/pages/eros-demos/index.js","md5":"f42e139349cd6fd8dbe5f68a47c2edce"},{"android":"eros-template-version","iOS":"eros-template-version","page":"/pages/eros-demos/tab1/tab-page/index.js","md5":"ed76e391014bd5f6db737587c4dd2751"},{"android":"eros-template-version","iOS":"eros-template-version","page":"/pages/eros-demos/tab2/amap.js","md5":"893a24dd8945cc527b5542ba4df4ae41"},{"android":"eros-template-version","iOS":"eros-template-version","page":"/pages/eros-demos/tab2/iconfont.js","md5":"e1f50dea6c68c20f53f03d668e3ef12b"},{"android":"eros-template-version","iOS":"eros-template-version","page":"/pages/eros-demos/tab2/index.js","md5":"d7bce034af404b8cddf53dc8c48ce33e"},{"android":"eros-template-version","iOS":"eros-template-version","page":"/pages/eros-demos/tab2/router.js","md5":"ed3dc215b8dff3d890cb805dcd689b53"},{"android":"eros-template-version","iOS":"eros-template-version","page":"/pages/eros-demos/tab3/demo/index.js","md5":"d1f8c36fe307872f0bd69c6aa9c0f3c6"},{"android":"eros-template-version","iOS":"eros-template-version","page":"/pages/eros-demos/tab3/index.js","md5":"a172206d9067a0a0890c28230574f2ed"},{"android":"eros-template-version","iOS":"eros-template-version","page":"/pages/eros-demos/tab3/waterfall.js","md5":"80c4f1f894b38d4e44d3b3c5f9b7f427"}],"android":"eros-template-version","iOS":"eros-template-version","appName":"eros-template-name","jsVersion":"d5bd12a0b14ee1ce91982c1a19cfc195","timestamp":1514885276493,"jsPath":"https://app.weex-eros.com/source"}
