{"filesMd5":[{"android":"eros-template-version","iOS":"eros-template-version","page":"/config/index.js","md5":"1057b37c2c89f8d7eabd25fb5b31f25f"},{"android":"eros-template-version","iOS":"eros-template-version","page":"/mediator/index.js","md5":"8bc8eed737028a2af131e21492ac1159"},{"android":"eros-template-version","iOS":"eros-template-version","page":"/pages/eros-demos/index.js","md5":"4aafabed550bff32a921ac3543b79352"},{"android":"eros-template-version","iOS":"eros-template-version","page":"/pages/eros-demos/tab1/tab-page/index.js","md5":"84bba2cf36df0b526d5968acb084c2a3"},{"android":"eros-template-version","iOS":"eros-template-version","page":"/pages/eros-demos/tab2/amap.js","md5":"d6b76ed7a120da413d63225c3beeb16d"},{"android":"eros-template-version","iOS":"eros-template-version","page":"/pages/eros-demos/tab2/iconfont.js","md5":"19fc6bd06d8352f566ca0761f32b8b58"},{"android":"eros-template-version","iOS":"eros-template-version","page":"/pages/eros-demos/tab2/index.js","md5":"9a3d03032bc2350c6853c87c40792ad5"},{"android":"eros-template-version","iOS":"eros-template-version","page":"/pages/eros-demos/tab2/router.js","md5":"90fe6dc6a1b116dd772ea92b678751c1"},{"android":"eros-template-version","iOS":"eros-template-version","page":"/pages/eros-demos/tab3/demo/index.js","md5":"8c742360b762e4ca90c6ed10b7e69e07"},{"android":"eros-template-version","iOS":"eros-template-version","page":"/pages/eros-demos/tab3/index.js","md5":"63ae7e48ecebf79d527b6eed8e7d907e"},{"android":"eros-template-version","iOS":"eros-template-version","page":"/pages/eros-demos/tab3/waterfall.js","md5":"2b6e6fd45e2636f7d4ad0731211a6519"}],"android":"eros-template-version","iOS":"eros-template-version","appName":"eros-template-name","jsVersion":"704783fe746d05b6472bf62de087e564","timestamp":1514446208383,"jsPath":"https://app.weex-eros.com/source"}
