{"filesMd5":[{"page":"/config/index.js","md5":"ad26103e8800018e6cb2195500d68738"},{"page":"/mediator/index.js","md5":"ec8670f198eaba70d9f9ca9eaa32a7b1"},{"page":"/pages/demo/assets/index.js","md5":"a561adacd9886268e581e074c779e1db"},{"page":"/pages/demo/bmcalendar/index.js","md5":"3acb43c6a2dea19f794676d1b90956e2"},{"page":"/pages/demo/bmchart/index.js","md5":"271b8d549bdf73174a009726702a0f5c"},{"page":"/pages/demo/bmrichtext/index.js","md5":"43d431bf68d99f840d18bf0a20279e9e"},{"page":"/pages/demo/event/a.js","md5":"585af27fe18c2c3874129c4e8e09ea2e"},{"page":"/pages/demo/event/b.js","md5":"131edc1540d8159c2a421df33d138c65"},{"page":"/pages/demo/font/index.js","md5":"f71b491153b0b76276d1b26d74df0c7d"},{"page":"/pages/demo/globalAttr/index.js","md5":"aeb598dc417ed1b08098f6f67c9175bb"},{"page":"/pages/demo/image/index.js","md5":"10a70dbc8c90cb329740d5f9c0295093"},{"page":"/pages/demo/index.js","md5":"2a0107892db19c1d48900799d8635252"},{"page":"/pages/demo/inputExtend/index.js","md5":"60b78f1d99e0b5ad50d233891e8cd191"},{"page":"/pages/demo/lifecycle/index.js","md5":"91bc3a2968b35fc46757a4b2579638d7"},{"page":"/pages/demo/notice/index.js","md5":"9399a440b7e4c990f5e531493c876703"},{"page":"/pages/demo/other/bindingx.js","md5":"7f438b9c8716cd3df95310d5fff8a92c"},{"page":"/pages/demo/other/weexui.js","md5":"ff386713a48d0c1889371dd54f6afe7f"},{"page":"/pages/demo/refresh/index.js","md5":"2c2b7bc67dc35594eda12bd7b1cad882"},{"page":"/pages/demo/router/home.js","md5":"e702c0332d1a1aa45487a421af46a3f7"},{"page":"/pages/demo/router/index.js","md5":"f7eaea06b4a6d5b0848199b5b7be7751"},{"page":"/pages/demo/storage/index.js","md5":"03e5562b9028fd46dea05da55a27d57b"},{"page":"/iconfont/font_1469606063_76593.ttf","md5":"f6222bcfedff4a817bb50df7a049d1db"},{"page":"/iconfont/font_1469606522_9417143.woff","md5":"6cf5490fd14ff83350ff952bb5b8e484"},{"page":"/iconfont/font_zn5b3jswpofuhaor.ttf","md5":"c0356b22e8235d2b0be8880cc81894cc"},{"page":"/iconfont/iconfont-eros.ttf","md5":"68780fad0047dc5b02cb613ebb08cda1"},{"page":"/iconfont/iconfont.ttf","md5":"ec86bfe5bdb872bad2b2af4f11da14f4"},{"page":"/assets/demo.jpg","md5":"332c4e7d5398207c1b49750369a72848"}],"android":"eros-template-version","iOS":"eros-template-version","appName":"eros-template-name","jsVersion":"9d5136c2eb9815ce07642b0021c6276b","timestamp":1521702763532,"jsPath":"https://app.weex-eros.com/source"}
