{"filesMd5":[{"android":"eros-template-version","iOS":"eros-template-version","page":"/config/index.js","md5":"cc7e23cac3393661f550500dee102d18"},{"android":"eros-template-version","iOS":"eros-template-version","page":"/mediator/index.js","md5":"caee38826fe171bf265e4fcf7578409a"},{"android":"eros-template-version","iOS":"eros-template-version","page":"/pages/eros-demos/index.js","md5":"c45d4ee4036ba91d2d1d4e28bbe13a62"},{"android":"eros-template-version","iOS":"eros-template-version","page":"/pages/eros-demos/tab2/amap.js","md5":"92544b950ac0bdc247d4b95826c5b929"},{"android":"eros-template-version","iOS":"eros-template-version","page":"/pages/eros-demos/tab1/tab-page/index.js","md5":"3db7c664fd61d6ef3026ad77ce823720"},{"android":"eros-template-version","iOS":"eros-template-version","page":"/pages/eros-demos/tab2/iconfont.js","md5":"4d0289bf3d178610862aeface3cae113"},{"android":"eros-template-version","iOS":"eros-template-version","page":"/pages/eros-demos/tab2/index.js","md5":"7f61e5301fc85e2f5b767d5dd86e0b43"},{"android":"eros-template-version","iOS":"eros-template-version","page":"/pages/eros-demos/tab2/router.js","md5":"38da62f84d984bbac3b0458b21e44682"},{"android":"eros-template-version","iOS":"eros-template-version","page":"/pages/eros-demos/tab3/demo/index.js","md5":"ffc370ee186dd0c822886fbfac32271a"},{"android":"eros-template-version","iOS":"eros-template-version","page":"/pages/eros-demos/tab3/index.js","md5":"12ce4cd75ee0385dd920099ab1baa8f1"},{"android":"eros-template-version","iOS":"eros-template-version","page":"/pages/eros-demos/tab3/waterfall.js","md5":"f7ba52400e5a79c563d7681098c516d0"}],"android":"eros-template-version","iOS":"eros-template-version","appName":"eros-template-name","jsVersion":"17aa21da51284869f713e840b7632653","timestamp":1514946999148,"jsPath":"https://app.weex-eros.com/source"}
