{"filesMd5":[{"page":"/config/index.js","md5":"5c35fadd07b486cf52eef8aba3ecde43"},{"page":"/mediator/index.js","md5":"5878636f885d19d9945035cf2683877e"},{"page":"/pages/demo/assets/index.js","md5":"ef262444675f3f0a9822ab0c3ff816c5"},{"page":"/pages/demo/bmcalendar/index.js","md5":"5cf9c64a096f17c0ebb7eb736af9edd0"},{"page":"/pages/demo/bmchart/index.js","md5":"41aa78b9ad8a53d1ba6c40a6001d067f"},{"page":"/pages/demo/bmrichtext/index.js","md5":"cb71e1393e2d1a4b7fe44560a5f5653f"},{"page":"/pages/demo/event/a.js","md5":"9123c79707fae4a06b78c571185180fa"},{"page":"/pages/demo/event/b.js","md5":"95f58beb6194c14db804e9a1ee2466e1"},{"page":"/pages/demo/font/index.js","md5":"3dc2f7b633a7fa911327667855810498"},{"page":"/pages/demo/globalAttr/index.js","md5":"29e3edc885bfd57527f3eb6058b0f0fb"},{"page":"/pages/demo/image/index.js","md5":"0da5ca5f564e14fd78821caf9ed59b2e"},{"page":"/pages/demo/index.js","md5":"54515fb8ca0e9ba0f1d47e8390e2c02a"},{"page":"/pages/demo/inputExtend/index.js","md5":"c856ee10b65b63feeea1395a9edd049b"},{"page":"/pages/demo/lifecycle/index.js","md5":"0b617fdc665d9af86a51917e2e8f1c24"},{"page":"/pages/demo/notice/index.js","md5":"6025404c7bef3174f7a800de63c43961"},{"page":"/pages/demo/other/bindingx.js","md5":"ac9a84b63f471765ea2a8bb56d84625e"},{"page":"/pages/demo/other/bui.js","md5":"3557bfe17270354230b4c86a687de180"},{"page":"/pages/demo/other/weexui.js","md5":"6885c8bc72a620af90592ea1e4989e04"},{"page":"/pages/demo/refresh/index.js","md5":"475198d8077138786a17dc67f90ac949"},{"page":"/pages/demo/router/index.js","md5":"d21566908fb342ef1281a16848b9a4ee"},{"page":"/pages/demo/router/tabbarItem1.js","md5":"5e04adf7056e622f36daf9d8c1bf0d1f"},{"page":"/pages/demo/router/tabbarItem2.js","md5":"030436cda7350c3421edded691bdd78d"},{"page":"/pages/demo/router/tabbarItem3.js","md5":"97f1782d73a94ceb4fb4931aa8e18fc2"},{"page":"/pages/demo/storage/index.js","md5":"48b75a25c95beee15a1f8a792eb56b54"},{"page":"/iconfont/font_1469606063_76593.ttf","md5":"f6222bcfedff4a817bb50df7a049d1db"},{"page":"/iconfont/font_1469606522_9417143.woff","md5":"6cf5490fd14ff83350ff952bb5b8e484"},{"page":"/iconfont/font_zn5b3jswpofuhaor.ttf","md5":"c0356b22e8235d2b0be8880cc81894cc"},{"page":"/iconfont/iconfont-eros.ttf","md5":"68780fad0047dc5b02cb613ebb08cda1"},{"page":"/iconfont/iconfont.ttf","md5":"ec86bfe5bdb872bad2b2af4f11da14f4"},{"page":"/assets/TabBar_Item1@2x.png","md5":"02c1875f727a1f4ec7a9e113498a96a5"},{"page":"/assets/TabBar_Item1_Selected@2x.png","md5":"d5e7609700d9a4f075e39b20fecbb9c3"},{"page":"/assets/TabBar_Item2@2x.png","md5":"a30651ed422c597849ce3d69b2f79048"},{"page":"/assets/TabBar_Item2_Selected@2x.png","md5":"fe893d14ff2d7b330a4aeefddbd8a7fa"},{"page":"/assets/TabBar_Item3@2x.png","md5":"fd2645e8081db44f2110661c2643f5cf"},{"page":"/assets/TabBar_Item3_Selected@2x.png","md5":"457d615a5c198b0148609f5eed84be70"},{"page":"/assets/demo.jpg","md5":"332c4e7d5398207c1b49750369a72848"},{"page":"/assets/test.html","md5":"f97b2e7d63e6ec41fed696ffdec1b7d5"},{"page":"/assets/chart/bm-chart.html","md5":"3949d7966caf98f2b75d916107049393"},{"page":"/assets/chart/bmap.min.js","md5":"a0e601995c75bf3e826ff31c49874941"},{"page":"/assets/chart/echarts.min.js","md5":"772e6fd69e21fb6f6497a1939d948828"}],"android":"eros-template-version","iOS":"eros-template-version","appName":"eros-template-name","jsVersion":"039c84070448c0420fc732057bb9831a","timestamp":1536722733725,"jsPath":"https://app.weex-eros.com/source"}
