{"filesMd5":[{"page":"/config/index.js","md5":"31ee5ac2502db2be70c033f14f8544d9"},{"page":"/pages/demo/assets/index.js","md5":"3da60b045a0e27459262e1884c8ebd7d"},{"page":"/pages/demo/bmcalendar/index.js","md5":"0fac4ec3093765b5c2e66579b74ffeb3"},{"page":"/mediator/index.js","md5":"53fa3672561f1ce0ac8f846431b0b083"},{"page":"/pages/demo/bmchart/index.js","md5":"7f4733e5acf42c730aac77843c85a2f8"},{"page":"/pages/demo/coms/index.js","md5":"d54767073acb855178fba98c13226879"},{"page":"/pages/demo/bmrichtext/index.js","md5":"67bc88f24e554395e225982ad05697cd"},{"page":"/pages/demo/event/a.js","md5":"4430d1bdfc90533c12b3a1fee928a95b"},{"page":"/pages/demo/event/b.js","md5":"375825506ef7a83beebea8d23bba5aa1"},{"page":"/pages/demo/font/index.js","md5":"49b21a85e9829a772302fc5baeaff9a0"},{"page":"/pages/demo/image/index.js","md5":"da8be3db47423e1f874a845157299322"},{"page":"/pages/demo/globalAttr/index.js","md5":"d88f3b71d6422c13cd718e605da8a824"},{"page":"/pages/demo/index.js","md5":"e8430f85bb4c6bf505af854442dad3fc"},{"page":"/pages/demo/lifecycle/index.js","md5":"ab8a13627e042b3fb5d91dfea773936e"},{"page":"/pages/demo/inputExtend/index.js","md5":"b98b4f1ef7ef093c9d7047ecf809b667"},{"page":"/pages/demo/navigator/index.js","md5":"50126bff8b93186a5e9a929a5a8f7847"},{"page":"/pages/demo/other/waterfall.js","md5":"4cdf2408e8d2df095ae5ae84f53aee2a"},{"page":"/pages/demo/notice/index.js","md5":"f01b9a7377274b000edd4d30eab43e18"},{"page":"/pages/demo/other/weex-ui/tab-page/index.js","md5":"72c1efa5e0fc945084c4e84cb943b326"},{"page":"/pages/demo/refresh/index.js","md5":"6aeb2fed4a5747f8e855db9a6db9c1d4"},{"page":"/pages/demo/router/home.js","md5":"44bc5ae99d12152369680f53c3ad97fa"},{"page":"/pages/demo/router/index.js","md5":"eaac69998b9818d95204a29a7475223a"},{"page":"/pages/demo/storage/index.js","md5":"802a771da90f1f078e32c1bcf6dea2ac"},{"page":"/pages/demo/tools/index.js","md5":"46b36fcab2f36021e2f7bdcc1f1633a9"},{"page":"/iconfont/font_1469606063_76593.ttf","md5":"7f64b407dbb118b2bf74aae8488f115e"},{"page":"/iconfont/font_1469606522_9417143.woff","md5":"815be396a2edc810e9daab7eaf94b32e"},{"page":"/iconfont/font_zn5b3jswpofuhaor.ttf","md5":"be67220b1b872c2cba30a35787131d99"},{"page":"/iconfont/iconfont-eros.ttf","md5":"0b8ba2bdcd441231144cb9391e472e08"},{"page":"/iconfont/iconfont.ttf","md5":"fcfd6fc55b5308c896fadc1c08c4b1b0"},{"page":"/assets/demo.jpg","md5":"ccda4109b98125891d8febd85d78a9de"}],"android":"eros-template-version","iOS":"eros-template-version","appName":"eros-template-name","jsVersion":"dd7865e447fb3a922a2a6875d9b3b9fb","timestamp":1517453240752,"jsPath":"https://app.weex-eros.com/source"}
