{"filesMd5":[{"page":"/config/index.js","md5":"9b3b94bb7e2f9a472a85d142bedd02a2"},{"page":"/mediator/index.js","md5":"ee0c348d156e97d25b9a1725a13d6ba7"},{"page":"/pages/demo/assets/index.js","md5":"fa8f7c0b8e5b6694636b360a21df7338"},{"page":"/pages/demo/bmcalendar/index.js","md5":"519a481e142d31bcb5d8d341a98d11bb"},{"page":"/pages/demo/bmchart/index.js","md5":"a0fb9b38ce21f1c63a2db44462810aed"},{"page":"/pages/demo/bmrichtext/index.js","md5":"c3f784d304ce67ddfa074d09189b8d69"},{"page":"/pages/demo/event/a.js","md5":"97152c901fde6bec806c9a358b9cb5f4"},{"page":"/pages/demo/event/b.js","md5":"3a8fa869dc51851c4223c2fc839c55a9"},{"page":"/pages/demo/font/index.js","md5":"3fa6fa469834fc0b24827413966304f0"},{"page":"/pages/demo/globalAttr/index.js","md5":"97ebf7bd6d637a88b4e13203837f5cba"},{"page":"/pages/demo/image/index.js","md5":"30f004019273beaa8a8dcf1053cfee9f"},{"page":"/pages/demo/index.js","md5":"326ccc6be017580786b238eb9c26b0ce"},{"page":"/pages/demo/inputExtend/index.js","md5":"84dccb51c5dfced0f5031954317adc8e"},{"page":"/pages/demo/lifecycle/index.js","md5":"9194467017cad8ae4e47bc27d1ed13ad"},{"page":"/pages/demo/notice/index.js","md5":"dddb35b707231803ce5c7c7a73a2eb2e"},{"page":"/pages/demo/other/bindingx.js","md5":"48c6e1a02523906a91b8e8e04ac8391e"},{"page":"/pages/demo/other/bui.js","md5":"e43111a07fbb0b567a949e63c5dbf25c"},{"page":"/pages/demo/other/eros-ui/index.js","md5":"cdbb8b67c7366aba03f349daa1cc3e9b"},{"page":"/pages/demo/other/weexui.js","md5":"4968c3106a6a748aa9abf12f3c1fafcf"},{"page":"/pages/demo/refresh/index.js","md5":"a936cd17204c136efc2f7fd942db1d1e"},{"page":"/pages/demo/router/index.js","md5":"191727120747367735e2b914e19e3a33"},{"page":"/pages/demo/router/home.js","md5":"b10d0b1a9fe096942e47893fd96b69af"},{"page":"/pages/demo/storage/index.js","md5":"83bf9a2338941935e6d3a59a7801362c"},{"page":"/iconfont/font_1469606063_76593.ttf","md5":"f6222bcfedff4a817bb50df7a049d1db"},{"page":"/iconfont/font_1469606522_9417143.woff","md5":"6cf5490fd14ff83350ff952bb5b8e484"},{"page":"/iconfont/font_zn5b3jswpofuhaor.ttf","md5":"c0356b22e8235d2b0be8880cc81894cc"},{"page":"/iconfont/iconfont-eros.ttf","md5":"68780fad0047dc5b02cb613ebb08cda1"},{"page":"/iconfont/iconfont.ttf","md5":"ec86bfe5bdb872bad2b2af4f11da14f4"},{"page":"/assets/demo.jpg","md5":"332c4e7d5398207c1b49750369a72848"}],"android":"eros-template-version","iOS":"eros-template-version","appName":"eros-template-name","jsVersion":"37f4ca238560a75873c7082a7cf051fc","timestamp":1523330271139,"jsPath":"https://localhost:3001/static/eros-demo/dist/js/"}
