{"filesMd5":[{"android":"eros-template-version","iOS":"eros-template-version","page":"/config/index.js","md5":"dd65b827e7eba4db5f34f17fe114841a"},{"android":"eros-template-version","iOS":"eros-template-version","page":"/mediator/index.js","md5":"ebcae30f31006514522e1d4ed992a27d"},{"android":"eros-template-version","iOS":"eros-template-version","page":"/pages/demo/index.js","md5":"7304137756511761defa1a7dc99858e4"},{"android":"eros-template-version","iOS":"eros-template-version","page":"/pages/demo/lifecycle/index.js","md5":"94f4a4e531e06a0fb13a9ac7c5810b7b"},{"android":"eros-template-version","iOS":"eros-template-version","page":"/pages/eros-demos/index.js","md5":"4e68ce34aaa47b34c20808bd669225e7"},{"android":"eros-template-version","iOS":"eros-template-version","page":"/pages/eros-demos/tab1/tab-page/index.js","md5":"28ba9fe99b48471330fb87f8c009aacb"},{"android":"eros-template-version","iOS":"eros-template-version","page":"/pages/eros-demos/tab2/amap.js","md5":"b1d356722f41bd0e33097694f7fc43f9"},{"android":"eros-template-version","iOS":"eros-template-version","page":"/pages/eros-demos/tab2/iconfont.js","md5":"f3cb1270264b4deed1115695d58b89fe"},{"android":"eros-template-version","iOS":"eros-template-version","page":"/pages/eros-demos/tab2/index.js","md5":"043aaabc0c6957b3321e3f90777eb0e2"},{"android":"eros-template-version","iOS":"eros-template-version","page":"/pages/eros-demos/tab2/router.js","md5":"bdccf2cd2c4e028e7bd5d35562e159d5"},{"android":"eros-template-version","iOS":"eros-template-version","page":"/pages/eros-demos/tab3/demo/index.js","md5":"5846f602caf21e3b8479c4d98a8d38fb"},{"android":"eros-template-version","iOS":"eros-template-version","page":"/pages/eros-demos/tab3/index.js","md5":"96054e94613b88751a51301b1474aced"},{"android":"eros-template-version","iOS":"eros-template-version","page":"/pages/eros-demos/tab3/waterfall.js","md5":"4ed0e09078e6eeab3f0a719cfe042a12"}],"android":"eros-template-version","iOS":"eros-template-version","appName":"eros-template-name","jsVersion":"707373bb8ea6042a4d6168abc1b5bbc7","timestamp":1514884607768,"jsPath":"https://app.weex-eros.com/source"}
