{"filesMd5":[{"android":"eros-template-version","iOS":"eros-template-version","page":"/config/index.js","md5":"b9652626468039dd2c9c46efa3dba417"},{"android":"eros-template-version","iOS":"eros-template-version","page":"/pages/eros-demos/index.js","md5":"c2cf9fe343ca96af34fb720e69c26cd8"},{"android":"eros-template-version","iOS":"eros-template-version","page":"/mediator/index.js","md5":"a7bd25b04191bf7df230bbf292834ebe"},{"android":"eros-template-version","iOS":"eros-template-version","page":"/pages/eros-demos/tab2/button.js","md5":"f9f55b2e6a1b2466452eda5e7444cdd0"},{"android":"eros-template-version","iOS":"eros-template-version","page":"/pages/eros-demos/tab1/tab-page/index.js","md5":"852c856d6b995cff8e5361d97639f73b"},{"android":"eros-template-version","iOS":"eros-template-version","page":"/pages/eros-demos/tab2/header.js","md5":"ba651c8c93307519979d6833226fb71f"},{"android":"eros-template-version","iOS":"eros-template-version","page":"/pages/eros-demos/tab2/image.js","md5":"c782a36da3e907985d01252403e1c654"},{"android":"eros-template-version","iOS":"eros-template-version","page":"/pages/eros-demos/tab2/icon.js","md5":"44e64eb8a89605582d56154b9edd9081"},{"android":"eros-template-version","iOS":"eros-template-version","page":"/pages/eros-demos/tab2/index.js","md5":"c8f36fdb411c79be953f0f2b6ad27074"},{"android":"eros-template-version","iOS":"eros-template-version","page":"/pages/eros-demos/tab2/tip.js","md5":"2521be3c20c982ee6ef3404496d75558"},{"android":"eros-template-version","iOS":"eros-template-version","page":"/pages/eros-demos/tab2/tabbar.js","md5":"e0f4a90de0f913f962ace9442253ea13"},{"android":"eros-template-version","iOS":"eros-template-version","page":"/pages/eros-demos/tab3/amap.js","md5":"5eba2186c341cf1b5ccd3251eac52c2e"},{"android":"eros-template-version","iOS":"eros-template-version","page":"/pages/eros-demos/tab3/iconfont.js","md5":"71ff31641ada3769d39cadd6eb63d213"},{"android":"eros-template-version","iOS":"eros-template-version","page":"/pages/eros-demos/tab3/index.js","md5":"3c95eff9f4b774a88fd66d647b5c0f07"},{"android":"eros-template-version","iOS":"eros-template-version","page":"/pages/eros-demos/tab3/router.js","md5":"b64d9d2c0c7190f72732194fa0d4cb66"},{"android":"eros-template-version","iOS":"eros-template-version","page":"/pages/eros-demos/tab4/demo/index.js","md5":"3118b569eed91205231707d435a2d58b"},{"android":"eros-template-version","iOS":"eros-template-version","page":"/pages/eros-demos/tab4/index.js","md5":"505f92cd1baf6b27c4120e870ee225f2"},{"android":"eros-template-version","iOS":"eros-template-version","page":"/pages/eros-demos/tab4/waterfall.js","md5":"95572973ad49e73f27038293f2b35bc9"}],"android":"eros-template-version","iOS":"eros-template-version","appName":"eros-template-name","jsVersion":"7fd96c55e22222e03e78b7d307046757","timestamp":1511247802823,"jsPath":false}
