{"filesMd5":[{"page":"/config/index.js","md5":"35c311c9b171c97ef266b6030f469c81"},{"page":"/mediator/index.js","md5":"63e2d44212881ab3b6ebc1eb492983c4"},{"page":"/pages/demo/allAttr/index.js","md5":"1161368cfd0b85632f88bbb36a23c4d9"},{"page":"/pages/demo/assets/index.js","md5":"4a061ab2e052f0af0fb853ab1187dbd5"},{"page":"/pages/demo/coms/index.js","md5":"41b4b077eb0caac27a78274e70b8afeb"},{"page":"/pages/demo/event/a.js","md5":"866c0d58332f007dde6d87b7d28d880a"},{"page":"/pages/demo/event/b.js","md5":"56196268cc0b2210d8439617d2014f59"},{"page":"/pages/demo/font/index.js","md5":"3534ce3485b6501f83e2d9cfb1f05c89"},{"page":"/pages/demo/image/index.js","md5":"be14f70d18fc73769a7909eec337c952"},{"page":"/pages/demo/index.js","md5":"ecbc150bf994ddf321966f327de025e8"},{"page":"/pages/demo/inputExtend/index.js","md5":"6377b8b8839db01f2077c92e945719d8"},{"page":"/pages/demo/lifecycle/index.js","md5":"8276192213169a7b668715d4ad9553a8"},{"page":"/pages/demo/navigator/index.js","md5":"fc10586794d82e7f88e5a8d476bb38d0"},{"page":"/pages/demo/notice/index.js","md5":"64860a2a57d23c6df2a0c4e7142453b1"},{"page":"/pages/demo/refresh/index.js","md5":"f15d59fdbe1039265eeef5040f316bdf"},{"page":"/pages/demo/router/index.js","md5":"5d22d7c386c7baba8c745b1730654f4c"},{"page":"/pages/demo/storage/index.js","md5":"237e9c7359dff9cb6e584204d6d49abc"},{"page":"/pages/demo/tools/index.js","md5":"43d061e15092747637137d3b4bac5b63"},{"page":"/pages/eros-demos/index.js","md5":"123f64c1f1d87793e4d232d50afca854"},{"page":"/pages/eros-demos/tab1/tab-page/index.js","md5":"1fca02699a6a26ad5d544c8c7f0cb943"},{"page":"/pages/eros-demos/tab2/amap.js","md5":"56e12943a4d6d7504f212ea95b27abb2"},{"page":"/pages/eros-demos/tab2/iconfont.js","md5":"4e6dd42f9e0f252701b6271af2663cf3"},{"page":"/pages/eros-demos/tab2/index.js","md5":"af41aaecb23baefecd6bc20471429417"},{"page":"/pages/eros-demos/tab2/router.js","md5":"0d149f8f34c1e747a5850338f4428e0a"},{"page":"/pages/eros-demos/tab3/demo/index.js","md5":"f151805cc9ccfde910836ccf1eef405b"},{"page":"/pages/eros-demos/tab3/index.js","md5":"531d2133ecc5ae8d0824ec63ac6a7fb9"},{"page":"/pages/eros-demos/tab3/waterfall.js","md5":"ad8401315b72a72a50d0d041bdb2fd08"},{"page":"/iconfont/font_1469606063_76593.ttf","md5":"7f64b407dbb118b2bf74aae8488f115e"},{"page":"/iconfont/font_1469606522_9417143.woff","md5":"815be396a2edc810e9daab7eaf94b32e"},{"page":"/iconfont/font_zn5b3jswpofuhaor.ttf","md5":"be67220b1b872c2cba30a35787131d99"},{"page":"/iconfont/iconfont.ttf","md5":"fcfd6fc55b5308c896fadc1c08c4b1b0"},{"page":"/assets/demo.jpg","md5":"ccda4109b98125891d8febd85d78a9de"}],"android":"eros-template-version","iOS":"eros-template-version","appName":"eros-template-name","jsVersion":"3c7c2b064598ef223924c947fb35816c","timestamp":1515661209360,"jsPath":"https://app.weex-eros.com/source"}
