{"filesMd5":[{"android":"eros-template-version","iOS":"eros-template-version","page":"/config/index.js","md5":"ad1a55c7e17bf6914de85fa0d4750548"},{"android":"eros-template-version","iOS":"eros-template-version","page":"/mediator/index.js","md5":"79d102ab2397e206961bab8e43d4b4f4"},{"android":"eros-template-version","iOS":"eros-template-version","page":"/pages/eros-demos/index.js","md5":"7c7c3d4b7dfbd53b2a3e0ed892bf3cf6"},{"android":"eros-template-version","iOS":"eros-template-version","page":"/pages/eros-demos/tab1/tab-page/index.js","md5":"5f606e03d00d0f46a0063bbab63689d6"},{"android":"eros-template-version","iOS":"eros-template-version","page":"/pages/eros-demos/tab2/amap.js","md5":"3e93d411d3150bac1be2bf1ec3d2c15f"},{"android":"eros-template-version","iOS":"eros-template-version","page":"/pages/eros-demos/tab2/iconfont.js","md5":"63233bf0a7827b40de0230c1498e3571"},{"android":"eros-template-version","iOS":"eros-template-version","page":"/pages/eros-demos/tab2/index.js","md5":"3a31cd2ff9e29db19ce078812f548388"},{"android":"eros-template-version","iOS":"eros-template-version","page":"/pages/eros-demos/tab2/router.js","md5":"1c09edb25696185fc5d5807c5983dc03"},{"android":"eros-template-version","iOS":"eros-template-version","page":"/pages/eros-demos/tab3/demo/index.js","md5":"30c285487c51aea815997593ce91950f"},{"android":"eros-template-version","iOS":"eros-template-version","page":"/pages/eros-demos/tab3/index.js","md5":"f46b82674606d39f15d7621c9a0b39fa"},{"android":"eros-template-version","iOS":"eros-template-version","page":"/pages/eros-demos/tab3/waterfall.js","md5":"88f8475c1d167a01bd57de9f517ad23c"}],"android":"eros-template-version","iOS":"eros-template-version","appName":"eros-template-name","jsVersion":"50eb2309706b27cf1f3d94221c8e1a37","timestamp":1514543663004,"jsPath":"https://app.weex-eros.com/source"}
