{"filesMd5":[{"android":"eros-template-version","iOS":"eros-template-version","page":"/config/index.js","md5":"b0f9a6baf94566259189e8475d16c551"},{"android":"eros-template-version","iOS":"eros-template-version","page":"/mediator/index.js","md5":"946d0cce4e72ca1299c1176ebcc8ab74"},{"android":"eros-template-version","iOS":"eros-template-version","page":"/pages/eros-demos/index.js","md5":"9042349e6550f273f4dc5f8185d65b7d"},{"android":"eros-template-version","iOS":"eros-template-version","page":"/pages/eros-demos/tab2/button.js","md5":"8d9fe7704e07aa2cda6b7afda1bc9945"},{"android":"eros-template-version","iOS":"eros-template-version","page":"/pages/eros-demos/tab1/tab-page/index.js","md5":"a4b9bb0af59bc5629c4cd120562bf7ea"},{"android":"eros-template-version","iOS":"eros-template-version","page":"/pages/eros-demos/tab2/icon.js","md5":"2c1077deb50f63e77b8d4db907a20aba"},{"android":"eros-template-version","iOS":"eros-template-version","page":"/pages/eros-demos/tab2/image.js","md5":"fe85792404378366b78765c97dd4cb1c"},{"android":"eros-template-version","iOS":"eros-template-version","page":"/pages/eros-demos/tab2/header.js","md5":"15faee706aea5f601e85fe6d5c52ba2e"},{"android":"eros-template-version","iOS":"eros-template-version","page":"/pages/eros-demos/tab2/index.js","md5":"bfc8dc6a55640c7eb7994a4663ca3e2b"},{"android":"eros-template-version","iOS":"eros-template-version","page":"/pages/eros-demos/tab2/tabbar.js","md5":"2ddac1943f0a18dbfd7a2db399b181ee"},{"android":"eros-template-version","iOS":"eros-template-version","page":"/pages/eros-demos/tab3/amap.js","md5":"2560eb279a9415d173e20e17e6f90efd"},{"android":"eros-template-version","iOS":"eros-template-version","page":"/pages/eros-demos/tab3/iconfont.js","md5":"16a6087413d61afaf66ea6b151b1964f"},{"android":"eros-template-version","iOS":"eros-template-version","page":"/pages/eros-demos/tab3/index.js","md5":"d190dc7e4dea7034aedc42a67062919e"},{"android":"eros-template-version","iOS":"eros-template-version","page":"/pages/eros-demos/tab2/tip.js","md5":"6ae12947b7b58cfe7ffdabd44221d760"},{"android":"eros-template-version","iOS":"eros-template-version","page":"/pages/eros-demos/tab4/demo/index.js","md5":"2584ca14cfce57ed693fff4a31fc1405"},{"android":"eros-template-version","iOS":"eros-template-version","page":"/pages/eros-demos/tab4/index.js","md5":"e0f5595f8b80e554d3ed9a5b7de8ae22"},{"android":"eros-template-version","iOS":"eros-template-version","page":"/pages/eros-demos/tab4/waterfall.js","md5":"ff1cd959c2deca37f9867b2124e14ba4"},{"android":"eros-template-version","iOS":"eros-template-version","page":"/pages/eros-demos/tab3/router.js","md5":"e660adb1839178f1f169a277d8b7ef0b"}],"android":"eros-template-version","iOS":"eros-template-version","appName":"eros-template-name","jsVersion":"87afd0d5bfe60f71632fd0c40f8af7a3","timestamp":1510560494862,"jsPath":false}
