{"filesMd5":[{"android":"eros-template-version","iOS":"eros-template-version","page":"/config/index.js","md5":"1cc1ff209cd712d6d39b461043517a5c"},{"android":"eros-template-version","iOS":"eros-template-version","page":"/mediator/index.js","md5":"fe2f3c79b617c97b77a1daa215709f75"},{"android":"eros-template-version","iOS":"eros-template-version","page":"/pages/eros-demos/index.js","md5":"898433b437c109ca4d5f3f5f76525409"},{"android":"eros-template-version","iOS":"eros-template-version","page":"/pages/eros-demos/tab2/button.js","md5":"e04633001a2f8b9168824137c6caf571"},{"android":"eros-template-version","iOS":"eros-template-version","page":"/pages/eros-demos/tab2/header.js","md5":"b553b7b7ff444fa0e7246058c5a7d010"},{"android":"eros-template-version","iOS":"eros-template-version","page":"/pages/eros-demos/tab1/tab-page/index.js","md5":"600e172857bb54d4c6ea6800310140c8"},{"android":"eros-template-version","iOS":"eros-template-version","page":"/pages/eros-demos/tab2/image.js","md5":"727613198561aa323a70f7af318197ad"},{"android":"eros-template-version","iOS":"eros-template-version","page":"/pages/eros-demos/tab2/icon.js","md5":"30942001e4867f2481a09a347f8c50dc"},{"android":"eros-template-version","iOS":"eros-template-version","page":"/pages/eros-demos/tab2/index.js","md5":"13afeaa0ba50c4768a6695771925b20c"},{"android":"eros-template-version","iOS":"eros-template-version","page":"/pages/eros-demos/tab2/tip.js","md5":"92223a4e980b597850dfdb36911a7c46"},{"android":"eros-template-version","iOS":"eros-template-version","page":"/pages/eros-demos/tab3/amap.js","md5":"ba803f05af5b137a45e482c2ca8c5e85"},{"android":"eros-template-version","iOS":"eros-template-version","page":"/pages/eros-demos/tab3/iconfont.js","md5":"d271a49053ef7f173cf8b4ff4df52a63"},{"android":"eros-template-version","iOS":"eros-template-version","page":"/pages/eros-demos/tab3/router.js","md5":"cadd708d2c2117a3117c040b80cb2d84"},{"android":"eros-template-version","iOS":"eros-template-version","page":"/pages/eros-demos/tab2/tabbar.js","md5":"10415f48aeb05b733834cb7c1dedfc5c"},{"android":"eros-template-version","iOS":"eros-template-version","page":"/pages/eros-demos/tab3/index.js","md5":"fe5f5cf16424318fca64069f0d4a89b9"},{"android":"eros-template-version","iOS":"eros-template-version","page":"/pages/eros-demos/tab4/demo/index.js","md5":"4c29478053841f580cda5698d105d2cd"},{"android":"eros-template-version","iOS":"eros-template-version","page":"/pages/eros-demos/tab4/index.js","md5":"5ec9bc32e60a23a4d6d706e6fe970e5b"},{"android":"eros-template-version","iOS":"eros-template-version","page":"/pages/eros-demos/tab4/waterfall.js","md5":"c9a288004c983eb4aa1985267778755c"}],"android":"eros-template-version","iOS":"eros-template-version","appName":"eros-template-name","jsVersion":"1ff12e72dd2272d17016d8b2f4893e65","timestamp":1510740135244,"jsPath":false}
