{"filesMd5":[{"android":"eros-template-version","iOS":"eros-template-version","page":"/config/index.js","md5":"f83ba2cd74d9ceb1fa744b04d3bad7b0"},{"android":"eros-template-version","iOS":"eros-template-version","page":"/mediator/index.js","md5":"ebcae30f31006514522e1d4ed992a27d"},{"android":"eros-template-version","iOS":"eros-template-version","page":"/pages/demo/allAttr/index.js","md5":"ecae061d7195958ea35b4fcb458e3506"},{"android":"eros-template-version","iOS":"eros-template-version","page":"/pages/demo/index.js","md5":"edcffb10074e3a2ad900de8f686e79aa"},{"android":"eros-template-version","iOS":"eros-template-version","page":"/pages/demo/inputExtend/index.js","md5":"63338af91f29e50decbc9d27986a8f3b"},{"android":"eros-template-version","iOS":"eros-template-version","page":"/pages/demo/lifecycle/index.js","md5":"1f8fb9cb3e167d70454b9d9cf1221689"},{"android":"eros-template-version","iOS":"eros-template-version","page":"/pages/demo/navigator/index.js","md5":"6c603463361a14424a3ce5b4c61fbca7"},{"android":"eros-template-version","iOS":"eros-template-version","page":"/pages/demo/refresh/index.js","md5":"d70b9b2797c092840610cc4f5e1c7433"},{"android":"eros-template-version","iOS":"eros-template-version","page":"/pages/demo/storage/index.js","md5":"27019e0e5c125dafe3816504e6ab8cf8"},{"android":"eros-template-version","iOS":"eros-template-version","page":"/pages/demo/tools/index.js","md5":"40a4b80c1a8020b4d140922d93c7217e"},{"android":"eros-template-version","iOS":"eros-template-version","page":"/pages/eros-demos/index.js","md5":"4e68ce34aaa47b34c20808bd669225e7"},{"android":"eros-template-version","iOS":"eros-template-version","page":"/pages/eros-demos/tab1/tab-page/index.js","md5":"28ba9fe99b48471330fb87f8c009aacb"},{"android":"eros-template-version","iOS":"eros-template-version","page":"/pages/eros-demos/tab2/amap.js","md5":"b1d356722f41bd0e33097694f7fc43f9"},{"android":"eros-template-version","iOS":"eros-template-version","page":"/pages/eros-demos/tab2/iconfont.js","md5":"f3cb1270264b4deed1115695d58b89fe"},{"android":"eros-template-version","iOS":"eros-template-version","page":"/pages/eros-demos/tab2/index.js","md5":"043aaabc0c6957b3321e3f90777eb0e2"},{"android":"eros-template-version","iOS":"eros-template-version","page":"/pages/eros-demos/tab2/router.js","md5":"bdccf2cd2c4e028e7bd5d35562e159d5"},{"android":"eros-template-version","iOS":"eros-template-version","page":"/pages/eros-demos/tab3/demo/index.js","md5":"5846f602caf21e3b8479c4d98a8d38fb"},{"android":"eros-template-version","iOS":"eros-template-version","page":"/pages/eros-demos/tab3/index.js","md5":"96054e94613b88751a51301b1474aced"},{"android":"eros-template-version","iOS":"eros-template-version","page":"/pages/eros-demos/tab3/waterfall.js","md5":"4ed0e09078e6eeab3f0a719cfe042a12"}],"android":"eros-template-version","iOS":"eros-template-version","appName":"eros-template-name","jsVersion":"e681f53ea201ebe3a4382b176bfa9e38","timestamp":1515050729953,"jsPath":"https://app.weex-eros.com/source"}
