{"filesMd5":[{"page":"/config/index.js","md5":"49cf58f39be55b6703fc20bccf32e0e8"},{"page":"/mediator/index.js","md5":"e00a3fb7182a8073d4900b1e7c5e1c65"},{"page":"/pages/demo/assets/index.js","md5":"050b135131796a3fe97c11e6b1e78763"},{"page":"/pages/demo/bmcalendar/index.js","md5":"27061b00f006a9e64d53915b8c0508b0"},{"page":"/pages/demo/bmchart/index.js","md5":"2c0d12fb89f0e53d1027c9820c6c5038"},{"page":"/pages/demo/bmrichtext/index.js","md5":"ac8046e4ce0f9f13eb73764f2dd87c9f"},{"page":"/pages/demo/event/a.js","md5":"7e65518ffd5e6e0a68e03add4abcd888"},{"page":"/pages/demo/event/b.js","md5":"b3dd1827cf78d9f2459be2ed0d7d79c2"},{"page":"/pages/demo/font/index.js","md5":"4e64d6729166fc58acd823836ff8d3af"},{"page":"/pages/demo/globalAttr/index.js","md5":"891474f8fa8ef67a3e20e2b8cb9076eb"},{"page":"/pages/demo/image/index.js","md5":"9d1452048654d9223a0d62b27f3b2f10"},{"page":"/pages/demo/index.js","md5":"916181751ed8de570274a664a40dd109"},{"page":"/pages/demo/inputExtend/index.js","md5":"9dd2781aa8b6aeb031972b7c232435c7"},{"page":"/pages/demo/lifecycle/index.js","md5":"915e966226a54c4f06c40af4c18aeb20"},{"page":"/pages/demo/notice/index.js","md5":"d87ef0cc82b9b4ba2ef3f00e73aababa"},{"page":"/pages/demo/other/bindingx.js","md5":"f27d7a17bf178bf1122d78cfd9e3abfc"},{"page":"/pages/demo/other/bui.js","md5":"180334a8785cc0a2f94cdfae06aa6fb1"},{"page":"/pages/demo/other/weexui.js","md5":"d1e9c027ad4fc7a6418731355830f571"},{"page":"/pages/demo/refresh/index.js","md5":"fee7a1cde7a3f8d6dc3f8b4c2f11f32a"},{"page":"/pages/demo/router/index.js","md5":"3ce48765a5b2cf5e8661146d36d5e3f7"},{"page":"/pages/demo/router/tabbarItem1.js","md5":"be534384388451fd6c91b463629a634a"},{"page":"/pages/demo/router/tabbarItem2.js","md5":"57a85c4174322976a89cce5fcc1f248a"},{"page":"/pages/demo/router/tabbarItem3.js","md5":"0c8f9ecb4b8809a0e30204c425acb5fe"},{"page":"/pages/demo/storage/index.js","md5":"bc5a6c882a895c56ea4ea7fe65df01ed"},{"page":"/iconfont/font_1469606063_76593.ttf","md5":"f6222bcfedff4a817bb50df7a049d1db"},{"page":"/iconfont/font_1469606522_9417143.woff","md5":"6cf5490fd14ff83350ff952bb5b8e484"},{"page":"/iconfont/font_zn5b3jswpofuhaor.ttf","md5":"c0356b22e8235d2b0be8880cc81894cc"},{"page":"/iconfont/iconfont-eros.ttf","md5":"68780fad0047dc5b02cb613ebb08cda1"},{"page":"/iconfont/iconfont.ttf","md5":"ec86bfe5bdb872bad2b2af4f11da14f4"},{"page":"/assets/TabBar_Item1@2x.png","md5":"02c1875f727a1f4ec7a9e113498a96a5"},{"page":"/assets/TabBar_Item1_Selected@2x.png","md5":"d5e7609700d9a4f075e39b20fecbb9c3"},{"page":"/assets/TabBar_Item2@2x.png","md5":"a30651ed422c597849ce3d69b2f79048"},{"page":"/assets/TabBar_Item2_Selected@2x.png","md5":"fe893d14ff2d7b330a4aeefddbd8a7fa"},{"page":"/assets/TabBar_Item3@2x.png","md5":"fd2645e8081db44f2110661c2643f5cf"},{"page":"/assets/TabBar_Item3_Selected@2x.png","md5":"457d615a5c198b0148609f5eed84be70"},{"page":"/assets/demo.jpg","md5":"332c4e7d5398207c1b49750369a72848"}],"android":"eros-template-version","iOS":"eros-template-version","appName":"eros-template-name","jsVersion":"ac42cc04005a5f37e4ed4e5929bbb68d","timestamp":1527675059629,"jsPath":"https://app.weex-eros.com/source"}
