{"filesMd5":[{"page":"/config/index.js","md5":"46452f4762176ce77570d8f8a3e92e41"},{"page":"/mediator/index.js","md5":"65cab6c686d08316fe93680cd97eebe6"},{"page":"/pages/demo/assets/index.js","md5":"b95beea5a87ec1cdcc01772e5f8a42de"},{"page":"/pages/demo/bmcalendar/index.js","md5":"8cd67c97b42d9a3cb85ea8f3ed41a6c8"},{"page":"/pages/demo/bmchart/index.js","md5":"8fc57093d1675721a1d82173549ee63a"},{"page":"/pages/demo/bmrichtext/index.js","md5":"4240e673f5f9b2fc3df37f3417c6d02f"},{"page":"/pages/demo/event/a.js","md5":"23cd5d2698d057b28479466911673d7d"},{"page":"/pages/demo/font/index.js","md5":"56338018a0cf55832b3404ccd2f57e8b"},{"page":"/pages/demo/image/index.js","md5":"d8c42e7da468386f156613fdd0d8962c"},{"page":"/pages/demo/globalAttr/index.js","md5":"0122f6e5d31f0a57d6da74fcfe2b4f91"},{"page":"/pages/demo/index.js","md5":"1460f6f8e92ee41b8e2f80ca4a1781fd"},{"page":"/pages/demo/event/b.js","md5":"fc04e6da255a289a45de7c94dc8993fe"},{"page":"/pages/demo/inputExtend/index.js","md5":"8d5286475904476f2900fffb23c6843c"},{"page":"/pages/demo/notice/index.js","md5":"20763ede07678efe5127f9aaac015b81"},{"page":"/pages/demo/other/bindingx.js","md5":"1cdb4f3dd6e90fb1f15559a992b4d550"},{"page":"/pages/demo/other/eros-ui/checkBox/index.js","md5":"b598ffdbcc2792c43c0ed325267236b1"},{"page":"/pages/demo/other/eros-ui/checkBox-list/index.js","md5":"2505d1d0b47b266e189b5e3001ee53ba"},{"page":"/pages/demo/other/bui.js","md5":"e8837762558c529856af4cc389a57b51"},{"page":"/pages/demo/other/eros-ui/index.js","md5":"de8d3a8efebe55de8c4f3db4cad3ee20"},{"page":"/pages/demo/lifecycle/index.js","md5":"807264bca5c656acc7a295f44dda1fc7"},{"page":"/pages/demo/other/eros-ui/input/index.js","md5":"98ae9f576c0e01524ceb02f8a6bc2f4c"},{"page":"/pages/demo/other/eros-ui/search/index.js","md5":"d92be00f6066f48f51b42378fd0be2b0"},{"page":"/pages/demo/other/eros-ui/radio/index.js","md5":"da5edf7d47fcf2d497ad46373dbc47dd"},{"page":"/pages/demo/other/weexui.js","md5":"e143572b20dcd1ffdca7f742ba27f364"},{"page":"/pages/demo/refresh/index.js","md5":"1729865446c729ad5b7bafaea0d750ff"},{"page":"/pages/demo/router/home.js","md5":"f0ccc8098ef81f809e312861c46aa38f"},{"page":"/pages/demo/router/index.js","md5":"9d43e833686485e498d49095bf41e864"},{"page":"/pages/demo/storage/index.js","md5":"cb6175c5ad0c959a7acb1a007549f5a9"},{"page":"/iconfont/font_1469606063_76593.ttf","md5":"7f64b407dbb118b2bf74aae8488f115e"},{"page":"/iconfont/font_1469606522_9417143.woff","md5":"815be396a2edc810e9daab7eaf94b32e"},{"page":"/iconfont/font_zn5b3jswpofuhaor.ttf","md5":"be67220b1b872c2cba30a35787131d99"},{"page":"/iconfont/iconfont-eros.ttf","md5":"0b8ba2bdcd441231144cb9391e472e08"},{"page":"/iconfont/iconfont.ttf","md5":"fcfd6fc55b5308c896fadc1c08c4b1b0"},{"page":"/assets/demo.jpg","md5":"ccda4109b98125891d8febd85d78a9de"}],"android":"eros-template-version","iOS":"eros-template-version","appName":"eros-template-name","jsVersion":"8318d601e3ff4afd576f3232d0be02a5","timestamp":1526954379787,"jsPath":"https://localhost:3001/static/eros-demo/dist/js/"}
