{"filesMd5":[{"page":"/config/index.js","md5":"1df36c5d95dc9ec3a0a0eb8d69ba5eff"},{"page":"/mediator/index.js","md5":"264df67f623fa2c058cdc3ec0eb4e93b"},{"page":"/pages/demo/assets/index.js","md5":"580f5f57a3f3d36bfc77d8f677156786"},{"page":"/pages/demo/bmcalendar/index.js","md5":"dff27babe28613646792dd74adfa244e"},{"page":"/pages/demo/bmchart/index.js","md5":"b399fc45f5ff421e7ede7802031632e7"},{"page":"/pages/demo/bmrichtext/index.js","md5":"560ee02a79d5d0b4ec4389f822d45ec5"},{"page":"/pages/demo/coms/index.js","md5":"eeac6d843dfcc842891b0421abb3db6d"},{"page":"/pages/demo/event/a.js","md5":"cb8a0df32e9345d61aa0a59da503ff88"},{"page":"/pages/demo/event/b.js","md5":"e0978eefe80a6625fcd54a487be3b65c"},{"page":"/pages/demo/font/index.js","md5":"803e0c1cc2b5f0212b35f9607a675ab8"},{"page":"/pages/demo/globalAttr/index.js","md5":"f78e5066bd241efdd4ff226b373cb534"},{"page":"/pages/demo/image/index.js","md5":"a833cdca3c0cc302ea3cc244eb506e67"},{"page":"/pages/demo/index.js","md5":"9216c8ea4490652804a2e568a7948338"},{"page":"/pages/demo/inputExtend/index.js","md5":"01814c0cebeb160638fc25593720f16a"},{"page":"/pages/demo/lifecycle/index.js","md5":"79bc8abd1accae2928cc73874d114893"},{"page":"/pages/demo/navigator/index.js","md5":"dc3a9a0446bf4718fe9458f9e8cffc68"},{"page":"/pages/demo/notice/index.js","md5":"4688b1678f23ee1c1fcbe5e5172655c6"},{"page":"/pages/demo/refresh/index.js","md5":"91f234b0a1d3c70c1f1615c3490de37a"},{"page":"/pages/demo/router/home.js","md5":"200c0645ff209d55622ed19b7a5b52e7"},{"page":"/pages/demo/router/index.js","md5":"c294b7953a8424d063a5a4dc6a724ccd"},{"page":"/pages/demo/storage/index.js","md5":"97fde07360c31f801aca4a51f1296984"},{"page":"/pages/demo/tools/index.js","md5":"237713dae0ae395dfed0b65d10a33687"},{"page":"/iconfont/font_1469606063_76593.ttf","md5":"f6222bcfedff4a817bb50df7a049d1db"},{"page":"/iconfont/font_1469606522_9417143.woff","md5":"6cf5490fd14ff83350ff952bb5b8e484"},{"page":"/iconfont/font_zn5b3jswpofuhaor.ttf","md5":"c0356b22e8235d2b0be8880cc81894cc"},{"page":"/iconfont/iconfont.ttf","md5":"ec86bfe5bdb872bad2b2af4f11da14f4"},{"page":"/assets/demo.jpg","md5":"332c4e7d5398207c1b49750369a72848"}],"android":"eros-template-version","iOS":"eros-template-version","appName":"eros-template-name","jsVersion":"b563e3525d7675047e15044c5079bf55","timestamp":1516179796616,"jsPath":"https://app.weex-eros.com/source"}
