{"filesMd5":[{"page":"/config/index.js","md5":"4508bee8f9ded8e8fbacb5aedc3f15cb"},{"page":"/mediator/index.js","md5":"8bc8eed737028a2af131e21492ac1159"},{"page":"/pages/eros-demos/index.js","md5":"d70736468529f135dc380ce8c41ab42b"},{"page":"/pages/eros-demos/tab1/tab-page/index.js","md5":"040661f634e02249fbdfa5761050319e"},{"page":"/pages/eros-demos/tab2/amap.js","md5":"8296f4cd5aa88461ff6b7fcc1e00ae37"},{"page":"/pages/eros-demos/tab2/iconfont.js","md5":"0b49132f949d761d24ccef23ba4276c8"},{"page":"/pages/eros-demos/tab2/index.js","md5":"696e9b525d5b474c0550cfad568680f3"},{"page":"/pages/eros-demos/tab2/router.js","md5":"2b4fb3283dd4393d12d3f713df4e8b1d"},{"page":"/pages/eros-demos/tab3/demo/index.js","md5":"728c23ee250f40d77b9981332bc89cac"},{"page":"/pages/eros-demos/tab3/index.js","md5":"3529913e00c3ac45478d0270199c3bd5"},{"page":"/pages/eros-demos/tab3/waterfall.js","md5":"99be770ba51b008d222fab1ce45dddc2"},{"page":"/iconfont/font_1469606063_76593.ttf","md5":"f6222bcfedff4a817bb50df7a049d1db"},{"page":"/iconfont/font_1469606522_9417143.woff","md5":"6cf5490fd14ff83350ff952bb5b8e484"},{"page":"/iconfont/font_zn5b3jswpofuhaor.ttf","md5":"c0356b22e8235d2b0be8880cc81894cc"},{"page":"/iconfont/iconfont.ttf","md5":"ec86bfe5bdb872bad2b2af4f11da14f4"},{"page":"/assets/test.jpeg","md5":"58c74e921886aa24f88f758d494ebc6a"}],"android":"eros-template-version","iOS":"eros-template-version","appName":"eros-template-name","jsVersion":"28414d3ba4d83917b070c96c82c080c1","timestamp":1515061940503,"jsPath":"https://app.weex-eros.com/source"}
