{"filesMd5":[{"page":"/config/index.js","md5":"94fba6eb97f4a3b83cb031eb2efcc058"},{"page":"/pages/demo/assets/index.js","md5":"82b0e9ae68f90da5306fa7be22b3c25f"},{"page":"/mediator/index.js","md5":"cfbf8fc5e95e44c82c1186e71bde9e99"},{"page":"/pages/demo/bmcalendar/index.js","md5":"2c50630d8f84fd401d03ec0daf61170c"},{"page":"/pages/demo/bmchart/index.js","md5":"dd1860738757b5f61620486389db2b45"},{"page":"/pages/demo/bmrichtext/index.js","md5":"96dc702b748b8bee02e5107df3bdc98f"},{"page":"/pages/demo/event/a.js","md5":"d9cc62514c3917a5d8e248486ba6e530"},{"page":"/pages/demo/event/b.js","md5":"50fb0ecb8795ad80f31cf48dae237dec"},{"page":"/pages/demo/font/index.js","md5":"7d8955cd3a3279d1aeed17af7c3efcb1"},{"page":"/pages/demo/globalAttr/index.js","md5":"ec31edd663034def7a8f272131d4dec2"},{"page":"/pages/demo/image/index.js","md5":"62875beac6fad99344cbbe6a7e043d10"},{"page":"/pages/demo/index.js","md5":"f6d96e96bf688913bea4277cdd7b93da"},{"page":"/pages/demo/inputExtend/index.js","md5":"fe4f6f554611ea4924f5b12fd8233fcf"},{"page":"/pages/demo/lifecycle/index.js","md5":"c1f39e1c57d64327a8e4f7a1e8afa18b"},{"page":"/pages/demo/notice/index.js","md5":"7fa269760e95dfc78a5f34a1bd311cbb"},{"page":"/pages/demo/other/bindingx.js","md5":"05d4ddc04d91e66bb93df5847af397ab"},{"page":"/pages/demo/other/bui.js","md5":"8b4577a28de18f4c72d50266ceedf448"},{"page":"/pages/demo/other/weexui.js","md5":"2055538e8ad0b84c5abee016b6748225"},{"page":"/pages/demo/refresh/index.js","md5":"fa51e6d591340d5b35cf9d74639b4dfc"},{"page":"/pages/demo/router/index.js","md5":"add330bf209939d36616a219a916f506"},{"page":"/pages/demo/router/home.js","md5":"ddb3d82c8b402de8682588f2cae2b317"},{"page":"/pages/demo/storage/index.js","md5":"48cb8ae3bcc27f44cbfd7770702f3a0f"},{"page":"/iconfont/font_1469606063_76593.ttf","md5":"7f64b407dbb118b2bf74aae8488f115e"},{"page":"/iconfont/font_1469606522_9417143.woff","md5":"815be396a2edc810e9daab7eaf94b32e"},{"page":"/iconfont/font_zn5b3jswpofuhaor.ttf","md5":"be67220b1b872c2cba30a35787131d99"},{"page":"/iconfont/iconfont-eros.ttf","md5":"0b8ba2bdcd441231144cb9391e472e08"},{"page":"/iconfont/iconfont.ttf","md5":"fcfd6fc55b5308c896fadc1c08c4b1b0"},{"page":"/assets/demo.jpg","md5":"ccda4109b98125891d8febd85d78a9de"}],"android":"eros-template-version","iOS":"eros-template-version","appName":"eros-template-name","jsVersion":"581cadfca4a7493d302fffd9669a3730","timestamp":1524739697560,"jsPath":"https://app.weex-eros.com/source"}
