{"filesMd5":[{"page":"/config/index.js","md5":"a4c661234ba2012b51a4ea61c3a254ae"},{"page":"/mediator/index.js","md5":"ef14a502c534519be9cce6169ace3b29"},{"page":"/pages/demo/assets/index.js","md5":"71a55d7736874433cfc7f0495f21fbcc"},{"page":"/pages/demo/bmcalendar/index.js","md5":"54b3f4669d6183fe860d2b3bacaaf96c"},{"page":"/pages/demo/bmchart/index.js","md5":"e5c53c93702c81a0c707d6a55a9d07fc"},{"page":"/pages/demo/bmrichtext/index.js","md5":"a12e1c9b49b6f391b1a0ce92424103fd"},{"page":"/pages/demo/coms/index.js","md5":"dd165525a2957bf6f638693cfed38113"},{"page":"/pages/demo/event/a.js","md5":"2f65c0993659df361d59e6cd0a351632"},{"page":"/pages/demo/event/b.js","md5":"5feba001ebbc5148d98a36a98b801e16"},{"page":"/pages/demo/font/index.js","md5":"e61a1623a9073a63113ee8e076b5aea2"},{"page":"/pages/demo/globalAttr/index.js","md5":"bc2a08259b8722e0246dcd2839aa4079"},{"page":"/pages/demo/image/index.js","md5":"97911b00c224097f32b22b63b835a67e"},{"page":"/pages/demo/index.js","md5":"41ebdb022ba93ce31d7fa085bcffbe88"},{"page":"/pages/demo/inputExtend/index.js","md5":"24950a3a05b344109b37caf1a7f59506"},{"page":"/pages/demo/lifecycle/index.js","md5":"b09cf651c7e3369f8d39ba99fe197218"},{"page":"/pages/demo/navigator/index.js","md5":"4bf085037ad740cff092daf075704e61"},{"page":"/pages/demo/notice/index.js","md5":"3db06fe84d00ee0e537d1d3b683c997d"},{"page":"/pages/demo/other/bindingx.js","md5":"9c49c07b2a2e6b2942b06a2d59ad8350"},{"page":"/pages/demo/other/waterfall.js","md5":"4b7a025de510195dea841f2ed22b6645"},{"page":"/pages/demo/other/weexui.js","md5":"d9dcb161fef3ed9ba30d333941cec8ec"},{"page":"/pages/demo/refresh/index.js","md5":"42f121d7788d6f98f1cdd780a088b3c9"},{"page":"/pages/demo/router/home.js","md5":"ff71aaffa4369430ab4d215f6212cc96"},{"page":"/pages/demo/router/index.js","md5":"9b970c894bbb46a83eaa776a75e3aef2"},{"page":"/pages/demo/storage/index.js","md5":"ee749a8059f08cef992be6998919087c"},{"page":"/pages/demo/tools/index.js","md5":"b9cea97e0366453458cba417d5e7e463"},{"page":"/iconfont/font_1469606063_76593.ttf","md5":"f6222bcfedff4a817bb50df7a049d1db"},{"page":"/iconfont/font_1469606522_9417143.woff","md5":"6cf5490fd14ff83350ff952bb5b8e484"},{"page":"/iconfont/font_zn5b3jswpofuhaor.ttf","md5":"c0356b22e8235d2b0be8880cc81894cc"},{"page":"/iconfont/iconfont-eros.ttf","md5":"68780fad0047dc5b02cb613ebb08cda1"},{"page":"/iconfont/iconfont.ttf","md5":"ec86bfe5bdb872bad2b2af4f11da14f4"},{"page":"/assets/demo.jpg","md5":"332c4e7d5398207c1b49750369a72848"}],"android":"eros-template-version","iOS":"eros-template-version","appName":"eros-template-name","jsVersion":"d831dfe5aa00fdf446e9fbee1dbabed0","timestamp":1521022160359,"jsPath":"https://app.weex-eros.com/source"}
