{"filesMd5":[{"page":"/config/index.js","md5":"a7b62785015d2faa7f063d866a26060d"},{"page":"/mediator/index.js","md5":"65cab6c686d08316fe93680cd97eebe6"},{"page":"/pages/demo/assets/index.js","md5":"b95beea5a87ec1cdcc01772e5f8a42de"},{"page":"/pages/demo/bmcalendar/index.js","md5":"8cd67c97b42d9a3cb85ea8f3ed41a6c8"},{"page":"/pages/demo/bmchart/index.js","md5":"8fc57093d1675721a1d82173549ee63a"},{"page":"/pages/demo/bmrichtext/index.js","md5":"4240e673f5f9b2fc3df37f3417c6d02f"},{"page":"/pages/demo/event/a.js","md5":"23cd5d2698d057b28479466911673d7d"},{"page":"/pages/demo/event/b.js","md5":"fc04e6da255a289a45de7c94dc8993fe"},{"page":"/pages/demo/font/index.js","md5":"56338018a0cf55832b3404ccd2f57e8b"},{"page":"/pages/demo/globalAttr/index.js","md5":"0122f6e5d31f0a57d6da74fcfe2b4f91"},{"page":"/pages/demo/image/index.js","md5":"d8c42e7da468386f156613fdd0d8962c"},{"page":"/pages/demo/index.js","md5":"1460f6f8e92ee41b8e2f80ca4a1781fd"},{"page":"/pages/demo/inputExtend/index.js","md5":"8d5286475904476f2900fffb23c6843c"},{"page":"/pages/demo/lifecycle/index.js","md5":"807264bca5c656acc7a295f44dda1fc7"},{"page":"/pages/demo/notice/index.js","md5":"20763ede07678efe5127f9aaac015b81"},{"page":"/pages/demo/other/bindingx.js","md5":"1cdb4f3dd6e90fb1f15559a992b4d550"},{"page":"/pages/demo/other/bui.js","md5":"95952c457589e297928b45d63b8cc075"},{"page":"/pages/demo/other/eros-ui/cell/index.js","md5":"06f1eb88419086bf6e4bd3ea9bb83ad8"},{"page":"/pages/demo/other/eros-ui/checkBox/index.js","md5":"4194e139b742717f54f407b68643de30"},{"page":"/pages/demo/other/eros-ui/checkBox-list/index.js","md5":"bcf5d7dab93bf8b8d2b9005fabe9c4c0"},{"page":"/pages/demo/other/eros-ui/index.js","md5":"871fdedd97035bb48e11109743ed38de"},{"page":"/pages/demo/other/eros-ui/input/index.js","md5":"29e7cf97a7d7b40925dc3cd50f3d86d3"},{"page":"/pages/demo/other/eros-ui/radio/index.js","md5":"fe95df4a229bafe0c36df2604a5ebce9"},{"page":"/pages/demo/other/eros-ui/search/index.js","md5":"362e6d59c216c47aa2afdf096139fe7f"},{"page":"/pages/demo/other/weexui.js","md5":"e143572b20dcd1ffdca7f742ba27f364"},{"page":"/pages/demo/refresh/index.js","md5":"1729865446c729ad5b7bafaea0d750ff"},{"page":"/pages/demo/router/home.js","md5":"f0ccc8098ef81f809e312861c46aa38f"},{"page":"/pages/demo/router/index.js","md5":"9d43e833686485e498d49095bf41e864"},{"page":"/pages/demo/storage/index.js","md5":"cb6175c5ad0c959a7acb1a007549f5a9"},{"page":"/iconfont/eros-iconfont.ttf","md5":"09378174bd946e97bad6d10916589980"},{"page":"/iconfont/eros-iconfont.woff","md5":"e7e0f907063d3a9cd2ca76a8dc1bec24"},{"page":"/iconfont/font_1469606063_76593.ttf","md5":"7f64b407dbb118b2bf74aae8488f115e"},{"page":"/iconfont/font_1469606522_9417143.woff","md5":"815be396a2edc810e9daab7eaf94b32e"},{"page":"/iconfont/font_zn5b3jswpofuhaor.ttf","md5":"be67220b1b872c2cba30a35787131d99"},{"page":"/iconfont/iconfont-eros.ttf","md5":"0b8ba2bdcd441231144cb9391e472e08"},{"page":"/iconfont/iconfont.ttf","md5":"fcfd6fc55b5308c896fadc1c08c4b1b0"},{"page":"/assets/demo.jpg","md5":"ccda4109b98125891d8febd85d78a9de"}],"android":"eros-template-version","iOS":"eros-template-version","appName":"eros-template-name","jsVersion":"2eb889f13962b225845a64148fde1129","timestamp":1526959296632,"jsPath":"https://localhost:3001/static/eros-demo/dist/js/"}
