{"filesMd5":[{"page":"/config/index.js","md5":"64f2acdbb9cc3acc3582d8f37332eee3"},{"page":"/mediator/index.js","md5":"e23855ca4dc5e9e85ef5d0863b21522d"},{"page":"/pages/demo/assets/index.js","md5":"ea848ef6835182a29b8b19f1e351bca8"},{"page":"/pages/demo/bmcalendar/index.js","md5":"7d008feb40959b35112b3425ea065de9"},{"page":"/pages/demo/bmchart/index.js","md5":"7b974384aec42134a4fbfa837d78cf6a"},{"page":"/pages/demo/bmrichtext/index.js","md5":"465df1badf294dce9fcaa2378fa16d71"},{"page":"/pages/demo/event/a.js","md5":"a54661dc599b64457cecabc10d013237"},{"page":"/pages/demo/event/b.js","md5":"48d953bdb1ff0cc127b051a602ccddf9"},{"page":"/pages/demo/font/index.js","md5":"2545cf6c116e10e59a78f33a40c8b8ab"},{"page":"/pages/demo/globalAttr/index.js","md5":"10cab0cd8b7642c26684e7aafef8991c"},{"page":"/pages/demo/image/index.js","md5":"ac558a7bc090bb8bad9d9bdf1bc91139"},{"page":"/pages/demo/index.js","md5":"ad53a14e8da88b308fd131c99b9aeea3"},{"page":"/pages/demo/inputExtend/index.js","md5":"a3226c83180a2d3af09129a6a9e73110"},{"page":"/pages/demo/lifecycle/index.js","md5":"a451c508d3925be84fe7dd17d51ab9f4"},{"page":"/pages/demo/notice/index.js","md5":"b3e7b00df2c14dfa14c7e1eb58a1c5ce"},{"page":"/pages/demo/other/bindingx.js","md5":"60de1e8d6417b2cb0834215059b79673"},{"page":"/pages/demo/other/bui.js","md5":"d751fcbf11234f106de53d6417f6a419"},{"page":"/pages/demo/other/weexui.js","md5":"83f6f29a0c9ce083de47766a9ca78f46"},{"page":"/pages/demo/refresh/index.js","md5":"7647742d029540d1f61ed65793e762c5"},{"page":"/pages/demo/router/home.js","md5":"e6a3d7e8286374316eb768b0120b70ec"},{"page":"/pages/demo/router/index.js","md5":"6f3e3c591d490a07b680ded0c1e14662"},{"page":"/pages/demo/storage/index.js","md5":"355362cd2597bc4fffea185347be2998"},{"page":"/iconfont/font_1469606063_76593.ttf","md5":"f6222bcfedff4a817bb50df7a049d1db"},{"page":"/iconfont/font_1469606522_9417143.woff","md5":"6cf5490fd14ff83350ff952bb5b8e484"},{"page":"/iconfont/font_zn5b3jswpofuhaor.ttf","md5":"c0356b22e8235d2b0be8880cc81894cc"},{"page":"/iconfont/iconfont-eros.ttf","md5":"68780fad0047dc5b02cb613ebb08cda1"},{"page":"/iconfont/iconfont.ttf","md5":"ec86bfe5bdb872bad2b2af4f11da14f4"},{"page":"/assets/demo.jpg","md5":"332c4e7d5398207c1b49750369a72848"}],"android":"eros-template-version","iOS":"eros-template-version","appName":"eros-template-name","jsVersion":"bc2ca5117521035d4f3c82930e21bd91","timestamp":1522306978832,"jsPath":"https://app.weex-eros.com/source"}
