{"filesMd5":[{"android":"eros-template-version","iOS":"eros-template-version","page":"/config/index.js","md5":"5e733ce2de9654bbd696965fdf97d038"},{"android":"eros-template-version","iOS":"eros-template-version","page":"/mediator/index.js","md5":"13f16399d7781fc04241c86c7e1f46bc"},{"android":"eros-template-version","iOS":"eros-template-version","page":"/pages/eros-demos/index.js","md5":"b0afa47889aa45493205a322411cf7ae"},{"android":"eros-template-version","iOS":"eros-template-version","page":"/pages/eros-demos/tab1/tab-page/index.js","md5":"3e0f0059efe69205002ba0921a360158"},{"android":"eros-template-version","iOS":"eros-template-version","page":"/pages/eros-demos/tab2/amap.js","md5":"d6b76ed7a120da413d63225c3beeb16d"},{"android":"eros-template-version","iOS":"eros-template-version","page":"/pages/eros-demos/tab2/iconfont.js","md5":"19fc6bd06d8352f566ca0761f32b8b58"},{"android":"eros-template-version","iOS":"eros-template-version","page":"/pages/eros-demos/tab2/index.js","md5":"b4bac46b3327b1d018d2b060d3888a46"},{"android":"eros-template-version","iOS":"eros-template-version","page":"/pages/eros-demos/tab2/router.js","md5":"fcabcf8763313b856cf1b100e5b9fba6"},{"android":"eros-template-version","iOS":"eros-template-version","page":"/pages/eros-demos/tab3/demo/index.js","md5":"8c742360b762e4ca90c6ed10b7e69e07"},{"android":"eros-template-version","iOS":"eros-template-version","page":"/pages/eros-demos/tab3/index.js","md5":"63ae7e48ecebf79d527b6eed8e7d907e"},{"android":"eros-template-version","iOS":"eros-template-version","page":"/pages/eros-demos/tab3/waterfall.js","md5":"2b6e6fd45e2636f7d4ad0731211a6519"}],"android":"eros-template-version","iOS":"eros-template-version","appName":"eros-template-name","jsVersion":"58d2adabfd7060a5d9b479a2b8e17f73","timestamp":1514879218733,"jsPath":"https://app.weex-eros.com/source"}
