{"filesMd5":[{"android":"eros-template-version","iOS":"eros-template-version","page":"/config/index.js","md5":"4fd0b47eff528c993e1d30ae4dd1fdc8"},{"android":"eros-template-version","iOS":"eros-template-version","page":"/mediator/index.js","md5":"3e347248598dcbeb7da24957fb003457"},{"android":"eros-template-version","iOS":"eros-template-version","page":"/pages/eros-demos/index.js","md5":"673f1ffb9a0d8e66c9ff18c949982086"},{"android":"eros-template-version","iOS":"eros-template-version","page":"/pages/eros-demos/tab1/tab-page/index.js","md5":"5c3273df40c9cf22231fa7d72a525a06"},{"android":"eros-template-version","iOS":"eros-template-version","page":"/pages/eros-demos/tab2/button.js","md5":"ca115a9af9414032241c309646b8d9a0"},{"android":"eros-template-version","iOS":"eros-template-version","page":"/pages/eros-demos/tab2/header.js","md5":"4e87bfe4b470b745086f14e5751e1c8b"},{"android":"eros-template-version","iOS":"eros-template-version","page":"/pages/eros-demos/tab2/image.js","md5":"66faf104877e7b7e74eb202df4cae179"},{"android":"eros-template-version","iOS":"eros-template-version","page":"/pages/eros-demos/tab2/icon.js","md5":"b072b3b4b7f8b84344c4974fcc705517"},{"android":"eros-template-version","iOS":"eros-template-version","page":"/pages/eros-demos/tab2/index.js","md5":"a862e3ec9a1ef50d0af01d679f4050d6"},{"android":"eros-template-version","iOS":"eros-template-version","page":"/pages/eros-demos/tab2/tabbar.js","md5":"e66330386d93894136c61930aa22503a"},{"android":"eros-template-version","iOS":"eros-template-version","page":"/pages/eros-demos/tab2/tip.js","md5":"1a7d1fcc4af80c077b9e1104986298e9"},{"android":"eros-template-version","iOS":"eros-template-version","page":"/pages/eros-demos/tab3/amap.js","md5":"926cc931dee392141ad757d16cb8e1e3"},{"android":"eros-template-version","iOS":"eros-template-version","page":"/pages/eros-demos/tab3/iconfont.js","md5":"51d835c9897dfc0a67c0b84bfd9d6e36"},{"android":"eros-template-version","iOS":"eros-template-version","page":"/pages/eros-demos/tab3/index.js","md5":"0f8f6d0dd2218c1198c0c3aacb1dfaaf"},{"android":"eros-template-version","iOS":"eros-template-version","page":"/pages/eros-demos/tab3/router.js","md5":"072dc1c71e5a788f2ac0603bb7e847b5"},{"android":"eros-template-version","iOS":"eros-template-version","page":"/pages/eros-demos/tab4/index.js","md5":"9b60d9e901f14c6f29411200e9c294da"},{"android":"eros-template-version","iOS":"eros-template-version","page":"/pages/eros-demos/tab4/demo/index.js","md5":"4ff63a9bbd48d3337c18a4f8116b6340"},{"android":"eros-template-version","iOS":"eros-template-version","page":"/pages/eros-demos/tab4/waterfall.js","md5":"f0fa4d6cce618cf0e96fe73fb2809ce5"},{"android":"eros-template-version","iOS":"eros-template-version","page":"/iconfont/font_1469606063_76593.ttf","md5":"f6222bcfedff4a817bb50df7a049d1db"},{"android":"eros-template-version","iOS":"eros-template-version","page":"/iconfont/font_1469606522_9417143.woff","md5":"6cf5490fd14ff83350ff952bb5b8e484"},{"android":"eros-template-version","iOS":"eros-template-version","page":"/iconfont/font_zn5b3jswpofuhaor.ttf","md5":"c0356b22e8235d2b0be8880cc81894cc"},{"android":"eros-template-version","iOS":"eros-template-version","page":"/iconfont/iconfont.ttf","md5":"ec86bfe5bdb872bad2b2af4f11da14f4"},{"android":"eros-template-version","iOS":"eros-template-version","page":"/assets/test.jpeg","md5":"58c74e921886aa24f88f758d494ebc6a"}],"android":"eros-template-version","iOS":"eros-template-version","appName":"eros-template-name","jsVersion":"f8d5afd0f4879f4a1ddfb34c186b29c1","timestamp":1514368315526,"jsPath":"https://app.weex-eros.com/source"}
