{"filesMd5":[{"android":"weex-eros-version","iOS":"weex-eros-version","page":"/config/index.js","md5":"4fdc576c10cfafb3e1a8d20570feea92"},{"android":"weex-eros-version","iOS":"weex-eros-version","page":"/mediator/index.js","md5":"ab6657776f1e3a15b2505123ed510070"},{"android":"weex-eros-version","iOS":"weex-eros-version","page":"/pages/eros-demos/index.js","md5":"3d7ff54ffd9096fd929d49d2b8800b53"},{"android":"weex-eros-version","iOS":"weex-eros-version","page":"/pages/eros-demos/tab1/tab-page/index.js","md5":"b93c0b3d22cbce36af803dd28b092372"},{"android":"weex-eros-version","iOS":"weex-eros-version","page":"/pages/eros-demos/tab2/button.js","md5":"da72186fab990c848f67a6b98aee8a37"},{"android":"weex-eros-version","iOS":"weex-eros-version","page":"/pages/eros-demos/tab2/header.js","md5":"2a0a4d8b815a0d66b1b467fc0d81d291"},{"android":"weex-eros-version","iOS":"weex-eros-version","page":"/pages/eros-demos/tab2/icon.js","md5":"b347b7c488c5512cce03efa8fa2540aa"},{"android":"weex-eros-version","iOS":"weex-eros-version","page":"/pages/eros-demos/tab2/image.js","md5":"b86963d33910a2cf33e771f8a33a1e49"},{"android":"weex-eros-version","iOS":"weex-eros-version","page":"/pages/eros-demos/tab2/index.js","md5":"8b3f2218b5b3d6bd0712ff20cbfd6e85"},{"android":"weex-eros-version","iOS":"weex-eros-version","page":"/pages/eros-demos/tab2/tabbar.js","md5":"fa6fa79b994fe31ab4ab8e8903977efb"},{"android":"weex-eros-version","iOS":"weex-eros-version","page":"/pages/eros-demos/tab2/tip.js","md5":"14dc9c74ed1d9c91862d7db28c0bb3f4"},{"android":"weex-eros-version","iOS":"weex-eros-version","page":"/pages/eros-demos/tab3/amap.js","md5":"ca9fe5df3792021fe4d76bbca57bae43"},{"android":"weex-eros-version","iOS":"weex-eros-version","page":"/pages/eros-demos/tab3/iconfont.js","md5":"d4c7b2bc6675e58f4537364e55164000"},{"android":"weex-eros-version","iOS":"weex-eros-version","page":"/pages/eros-demos/tab3/index.js","md5":"4ad0b375670d6761baa71fefae2d0898"},{"android":"weex-eros-version","iOS":"weex-eros-version","page":"/pages/eros-demos/tab3/router.js","md5":"569ac89441e7774a4733122550cba3f7"},{"android":"weex-eros-version","iOS":"weex-eros-version","page":"/pages/eros-demos/tab4/demo/index.js","md5":"c0388df73c4af191a183d15d42698114"},{"android":"weex-eros-version","iOS":"weex-eros-version","page":"/pages/eros-demos/tab4/index.js","md5":"0aee6aa20aa6d3e5d835b557adbb539c"},{"android":"weex-eros-version","iOS":"weex-eros-version","page":"/pages/eros-demos/tab4/waterfall.js","md5":"e978cd8cbcf926ddc4b2dd47f4db1309"}],"android":"weex-eros-version","iOS":"weex-eros-version","appName":"weex-eros-template-standard","jsVersion":"38838d890d5e351e160d54829881a1f2","timestamp":1510302527365,"jsPath":false}
