{"filesMd5":[{"android":"eros-template-version","iOS":"eros-template-version","page":"/config/index.js","md5":"7c7d02891766a08d8d91d201ff536827"},{"android":"eros-template-version","iOS":"eros-template-version","page":"/mediator/index.js","md5":"b2e91fe66d13ae619eaf17ad2939660f"},{"android":"eros-template-version","iOS":"eros-template-version","page":"/pages/demo/allAttr/index.js","md5":"fb66c6dfbe6bed5ae93bd1690fb49b51"},{"android":"eros-template-version","iOS":"eros-template-version","page":"/pages/demo/index.js","md5":"5f9eb14431d780c9582153f6e79090f0"},{"android":"eros-template-version","iOS":"eros-template-version","page":"/pages/demo/inputExtend/index.js","md5":"8daa45fd9502f39d5201c624aee6c202"},{"android":"eros-template-version","iOS":"eros-template-version","page":"/pages/demo/lifecycle/index.js","md5":"865842229751ada82c5ca285498e3142"},{"android":"eros-template-version","iOS":"eros-template-version","page":"/pages/demo/navigator/index.js","md5":"0f88c6cef723db4f58049424e3f25c16"},{"android":"eros-template-version","iOS":"eros-template-version","page":"/pages/demo/refresh/index.js","md5":"1003d98b686c90ea6ead69c968b608c3"},{"android":"eros-template-version","iOS":"eros-template-version","page":"/pages/demo/router/index.js","md5":"81627e12243a7bf1019de93ea073a737"},{"android":"eros-template-version","iOS":"eros-template-version","page":"/pages/demo/storage/index.js","md5":"55d37a6d1b87c98e236215b25b51e080"},{"android":"eros-template-version","iOS":"eros-template-version","page":"/pages/demo/tools/index.js","md5":"ce79fa3941b7da47c429dcda2b4d716a"},{"android":"eros-template-version","iOS":"eros-template-version","page":"/pages/eros-demos/index.js","md5":"7d37db9c78e8a72891e1716066018850"},{"android":"eros-template-version","iOS":"eros-template-version","page":"/pages/eros-demos/tab2/amap.js","md5":"77357ab8269d70e8d28df1e1c806b166"},{"android":"eros-template-version","iOS":"eros-template-version","page":"/pages/eros-demos/tab2/iconfont.js","md5":"e016cdf900d9481ea158b4d5945e8963"},{"android":"eros-template-version","iOS":"eros-template-version","page":"/pages/eros-demos/tab1/tab-page/index.js","md5":"abad4c79c0ecccc2ad7f563467be22e1"},{"android":"eros-template-version","iOS":"eros-template-version","page":"/pages/eros-demos/tab2/index.js","md5":"6d88cd9ddcfdf032f3ec523df3dff0f4"},{"android":"eros-template-version","iOS":"eros-template-version","page":"/pages/eros-demos/tab2/router.js","md5":"f94515bbdf6d29fcbd0f2f26f969f717"},{"android":"eros-template-version","iOS":"eros-template-version","page":"/pages/eros-demos/tab3/index.js","md5":"f73fb4e587b5dd41a2f4e1928c74dd5d"},{"android":"eros-template-version","iOS":"eros-template-version","page":"/pages/eros-demos/tab3/demo/index.js","md5":"454bff3944b320f5bb48c6d492c6dfbb"},{"android":"eros-template-version","iOS":"eros-template-version","page":"/pages/eros-demos/tab3/waterfall.js","md5":"9c34bcb6fb157a024aa465fdba0b40a1"}],"android":"eros-template-version","iOS":"eros-template-version","appName":"eros-template-name","jsVersion":"67646edbfdb09e7804593be36c58b179","timestamp":1515117266416,"jsPath":"https://app.weex-eros.com/source"}
