{"filesMd5":[{"page":"/config/index.js","md5":"6b20d7a35591b18bd242ebd9d60f65ca"},{"page":"/mediator/index.js","md5":"062b3b4061fcf18079095a8470169e87"},{"page":"/pages/demo/assets/index.js","md5":"f52b0ffda785482e81ba7adc0c598614"},{"page":"/pages/demo/bmcalendar/index.js","md5":"3e12afd96ae410f1bcf3e9dd9ebf2514"},{"page":"/pages/demo/bmchart/index.js","md5":"002555577acf293b002bce077e1ede74"},{"page":"/pages/demo/bmrichtext/index.js","md5":"3f02a94d0fe719d47ed7c17c7ac14c8d"},{"page":"/pages/demo/coms/index.js","md5":"5038d22854b2a789b6d4eb7f9712b54c"},{"page":"/pages/demo/event/a.js","md5":"d5f19386feb75d56531799afbabccda2"},{"page":"/pages/demo/event/b.js","md5":"5a6d60ecca5768d3d945c51c03a91733"},{"page":"/pages/demo/font/index.js","md5":"cc7bf0a5ae7c1d287727adab7ec44dbe"},{"page":"/pages/demo/globalAttr/index.js","md5":"00634b6f094e600db73c45c3cee75a18"},{"page":"/pages/demo/image/index.js","md5":"370510e36526dd437a688b993e564f9e"},{"page":"/pages/demo/index.js","md5":"5922566d51a1c5488465f3c9727daf3a"},{"page":"/pages/demo/inputExtend/index.js","md5":"cda347dba5bde4718317feb8cc227c0f"},{"page":"/pages/demo/lifecycle/index.js","md5":"559d1e90df168bde7974fc5eee8d55cd"},{"page":"/pages/demo/navigator/index.js","md5":"931c490778faa6dd1568177f0e107013"},{"page":"/pages/demo/notice/index.js","md5":"b8976b1c115de2456acaefe3c06b8da9"},{"page":"/pages/demo/refresh/index.js","md5":"3d1dbd0640632714aaa34591d19c543b"},{"page":"/pages/demo/router/home.js","md5":"9976e440ee3012c63529b9821a611e20"},{"page":"/pages/demo/router/index.js","md5":"c40062f252d09c146527157af00b8360"},{"page":"/pages/demo/storage/index.js","md5":"42b9a1fe66a34018b0b06d66e13d68bf"},{"page":"/pages/demo/tools/index.js","md5":"c4ff114aede70e2fddc7ab80dc1dc9f4"},{"page":"/iconfont/font_1469606063_76593.ttf","md5":"7f64b407dbb118b2bf74aae8488f115e"},{"page":"/iconfont/font_1469606522_9417143.woff","md5":"815be396a2edc810e9daab7eaf94b32e"},{"page":"/iconfont/font_zn5b3jswpofuhaor.ttf","md5":"be67220b1b872c2cba30a35787131d99"},{"page":"/iconfont/iconfont.ttf","md5":"fcfd6fc55b5308c896fadc1c08c4b1b0"},{"page":"/assets/demo.jpg","md5":"ccda4109b98125891d8febd85d78a9de"}],"android":"eros-template-version","iOS":"eros-template-version","appName":"eros-template-name","jsVersion":"fd3194164371b985fc99dfbedc3556a5","timestamp":1516607305513,"jsPath":"https://app.weex-eros.com/source"}
