{"filesMd5":[{"android":"eros-template-version","iOS":"eros-template-version","page":"/config/index.js","md5":"a3b33edeb25151117e7db04c0fcd783e"},{"android":"eros-template-version","iOS":"eros-template-version","page":"/mediator/index.js","md5":"9f590660f36716f1f3c6b4131525a4e7"},{"android":"eros-template-version","iOS":"eros-template-version","page":"/pages/eros-demos/index.js","md5":"e881ff18d5e86e9c9e14882ef9b4838f"},{"android":"eros-template-version","iOS":"eros-template-version","page":"/pages/eros-demos/tab1/tab-page/index.js","md5":"48e68d8fc42903cbc7e48339fd864b86"},{"android":"eros-template-version","iOS":"eros-template-version","page":"/pages/eros-demos/tab2/header.js","md5":"4c838a14bf148b2a8ce046c157b06453"},{"android":"eros-template-version","iOS":"eros-template-version","page":"/pages/eros-demos/tab2/image.js","md5":"6b82ea0ea59665775903d485b8ce788d"},{"android":"eros-template-version","iOS":"eros-template-version","page":"/pages/eros-demos/tab2/button.js","md5":"3a65645a91bb661198bea24f0e429ada"},{"android":"eros-template-version","iOS":"eros-template-version","page":"/pages/eros-demos/tab2/tip.js","md5":"4c83c1167432c4817eaf984ab2cba2a3"},{"android":"eros-template-version","iOS":"eros-template-version","page":"/pages/eros-demos/tab3/amap.js","md5":"2f7f430f37c61042db500abc22c4d6cc"},{"android":"eros-template-version","iOS":"eros-template-version","page":"/pages/eros-demos/tab3/iconfont.js","md5":"4fe08a01d41b76d230fcf41c7ea479c8"},{"android":"eros-template-version","iOS":"eros-template-version","page":"/pages/eros-demos/tab3/index.js","md5":"dc8db3ac94438b138f4b0fb363be8058"},{"android":"eros-template-version","iOS":"eros-template-version","page":"/pages/eros-demos/tab3/router.js","md5":"b9a5e21bb74afa86cee0d0c2148c06ce"},{"android":"eros-template-version","iOS":"eros-template-version","page":"/pages/eros-demos/tab4/demo/index.js","md5":"2ddec5c833fcc77022871f48b4d6c6cd"},{"android":"eros-template-version","iOS":"eros-template-version","page":"/pages/eros-demos/tab4/index.js","md5":"841e49c65b004bd66e14faa018bddc25"},{"android":"eros-template-version","iOS":"eros-template-version","page":"/pages/eros-demos/tab4/waterfall.js","md5":"f56ff8c37f064f2091ae874944220974"},{"android":"eros-template-version","iOS":"eros-template-version","page":"/pages/eros-demos/tab2/tabbar.js","md5":"1b9afcc7176a800c0135285d878ed828"},{"android":"eros-template-version","iOS":"eros-template-version","page":"/pages/eros-demos/tab2/icon.js","md5":"dd62c72e0622d0092887c003ef7cfaf7"},{"android":"eros-template-version","iOS":"eros-template-version","page":"/pages/eros-demos/tab2/index.js","md5":"d7d721f02e87345057f487bc51bc1af9"},{"android":"eros-template-version","iOS":"eros-template-version","page":"/iconfont/font_1469606063_76593.ttf","md5":"f6222bcfedff4a817bb50df7a049d1db"},{"android":"eros-template-version","iOS":"eros-template-version","page":"/iconfont/font_1469606522_9417143.woff","md5":"6cf5490fd14ff83350ff952bb5b8e484"},{"android":"eros-template-version","iOS":"eros-template-version","page":"/iconfont/font_zn5b3jswpofuhaor.ttf","md5":"c0356b22e8235d2b0be8880cc81894cc"},{"android":"eros-template-version","iOS":"eros-template-version","page":"/iconfont/iconfont.ttf","md5":"ec86bfe5bdb872bad2b2af4f11da14f4"},{"android":"eros-template-version","iOS":"eros-template-version","page":"/assets/test.jpeg","md5":"58c74e921886aa24f88f758d494ebc6a"}],"android":"eros-template-version","iOS":"eros-template-version","appName":"eros-template-name","jsVersion":"4a13b274d16d82216ccf149d14d63661","timestamp":1511511730744,"jsPath":"https://app.weex-eros.com/source"}
