{"filesMd5":[{"page":"/config/index.js","md5":"d061b19f57ae54f3a544cd726f77d6b9"},{"page":"/mediator/index.js","md5":"264df67f623fa2c058cdc3ec0eb4e93b"},{"page":"/pages/demo/assets/index.js","md5":"580f5f57a3f3d36bfc77d8f677156786"},{"page":"/pages/demo/bmcalendar/index.js","md5":"cbd27a5ce39889389d99661138a35337"},{"page":"/pages/demo/bmchart/index.js","md5":"b399fc45f5ff421e7ede7802031632e7"},{"page":"/pages/demo/bmrichtext/index.js","md5":"76b28c00c029d68a09df2b54cb2ccc62"},{"page":"/pages/demo/coms/index.js","md5":"c53791741367c8f79fda8721155cb068"},{"page":"/pages/demo/event/a.js","md5":"25f0c4636f4d3338741db5686b73639e"},{"page":"/pages/demo/event/b.js","md5":"6990228a83eca1dc484d88adbf6c4b06"},{"page":"/pages/demo/font/index.js","md5":"338106c788699f24ce12e8f801d949f6"},{"page":"/pages/demo/globalAttr/index.js","md5":"22cf5b50ebd7626e9512f90163316fea"},{"page":"/pages/demo/image/index.js","md5":"172beb01514b89aa929abb7ad053cf99"},{"page":"/pages/demo/index.js","md5":"5e033ba10275035dec44cd9604a72db4"},{"page":"/pages/demo/inputExtend/index.js","md5":"9e3806298521ce9fdfd57d26e7f0d315"},{"page":"/pages/demo/lifecycle/index.js","md5":"79bc8abd1accae2928cc73874d114893"},{"page":"/pages/demo/navigator/index.js","md5":"0cc00be47f11a44d6050dd7f27548fd5"},{"page":"/pages/demo/notice/index.js","md5":"05c76d3c774ab936013d8fa0713bb1e2"},{"page":"/pages/demo/refresh/index.js","md5":"0905d0f82ccc915004f72b5c08dfa473"},{"page":"/pages/demo/router/home.js","md5":"e981bfd650a479020891266a15bcdac2"},{"page":"/pages/demo/router/index.js","md5":"15c52b32f179700b40dcfaa80c4e8f14"},{"page":"/pages/demo/storage/index.js","md5":"74c2ce9bc389068e8827acf1239ffeee"},{"page":"/pages/demo/tools/index.js","md5":"752b4764dffb51e4b55ba3f53b3cae64"},{"page":"/iconfont/font_1469606063_76593.ttf","md5":"f6222bcfedff4a817bb50df7a049d1db"},{"page":"/iconfont/font_1469606522_9417143.woff","md5":"6cf5490fd14ff83350ff952bb5b8e484"},{"page":"/iconfont/font_zn5b3jswpofuhaor.ttf","md5":"c0356b22e8235d2b0be8880cc81894cc"},{"page":"/iconfont/iconfont.ttf","md5":"ec86bfe5bdb872bad2b2af4f11da14f4"},{"page":"/assets/demo.jpg","md5":"332c4e7d5398207c1b49750369a72848"}],"android":"eros-template-version","iOS":"eros-template-version","appName":"eros-template-name","jsVersion":"c196e8cc142959767598d11393a84d20","timestamp":1516608933244,"jsPath":"https://app.weex-eros.com/source"}
