{"filesMd5":[{"page":"/config/index.js","md5":"455ae667decc478c91beed1c278ebcf5"},{"page":"/mediator/index.js","md5":"37597b1808b99d33047173d48580fa72"},{"page":"/pages/demo/assets/index.js","md5":"04f13847025815a666a0a4d732bf622a"},{"page":"/pages/demo/bmcalendar/index.js","md5":"8bede730da437c7c9bc94d1761ede31c"},{"page":"/pages/demo/bmchart/index.js","md5":"1e714bdd4b1abf76abe3401fa831becf"},{"page":"/pages/demo/bmrichtext/index.js","md5":"6667abc793724a8f761062874e4db81d"},{"page":"/pages/demo/event/a.js","md5":"be595c11d8091486c10bcaae5f29c144"},{"page":"/pages/demo/event/b.js","md5":"3fa01cd9d63d3ad7e4d5caff63a4e06f"},{"page":"/pages/demo/font/index.js","md5":"19f9f09bf8528b1928ce8fb1d021aac7"},{"page":"/pages/demo/image/index.js","md5":"8d1a1da5cd0047640a25eef0a3605778"},{"page":"/pages/demo/index.js","md5":"200cdde6237da285721d1691f583b9d2"},{"page":"/pages/demo/inputExtend/index.js","md5":"5dcb60750eb38fd8a9d2b3de797a3ecf"},{"page":"/pages/demo/globalAttr/index.js","md5":"d8b0b07facd593a780aa9e8503a1bb0a"},{"page":"/pages/demo/notice/index.js","md5":"61dc3d675e9933a4f12c2ad64c9ee519"},{"page":"/pages/demo/other/bindingx.js","md5":"a8eb4de4d5a3928d738717a8d4ae9bf5"},{"page":"/pages/demo/lifecycle/index.js","md5":"25875af12005f6a6ec7cc7a1d5df0130"},{"page":"/pages/demo/other/bui.js","md5":"91dbef3bac43553fcef246a12f28ce16"},{"page":"/pages/demo/other/eros-ui/button/index.js","md5":"49f7d489ca69c3e7cc1268e2957bf4d9"},{"page":"/pages/demo/other/eros-ui/carousel/index.js","md5":"732dd036db1915f0a794121fc67cea0a"},{"page":"/pages/demo/other/eros-ui/cell/index.js","md5":"5a8cb6c7b59e81b5d7718389545e4ded"},{"page":"/pages/demo/other/eros-ui/checkBox/index.js","md5":"1c047358461cc263860e44c249445a9c"},{"page":"/pages/demo/other/eros-ui/checkBox-list/index.js","md5":"e5880eae5c6ac4a1fdc3665264c1e6dc"},{"page":"/pages/demo/other/eros-ui/index.js","md5":"bc992479722b77e62cbebc435b41e386"},{"page":"/pages/demo/other/eros-ui/input/index.js","md5":"91fd167abe9eca5abdd23a272dbefd30"},{"page":"/pages/demo/other/eros-ui/radio/index.js","md5":"eaa6a0f979f410e4fba103121ccd5325"},{"page":"/pages/demo/other/eros-ui/search/index.js","md5":"d327bfdd968e6aed819c117ade99943d"},{"page":"/pages/demo/other/eros-ui/tab-bar/index.js","md5":"0ca9de4e5b72ba6a336cb32842034847"},{"page":"/pages/demo/other/eros-ui/tab-page/index.js","md5":"14bcf071d292e401141f25a5cdebb067"},{"page":"/pages/demo/other/weexui.js","md5":"060cbb840e237dfe29af6f0276cbf3ca"},{"page":"/pages/demo/refresh/index.js","md5":"7a1aa35e0f99d76132330c7b5e389b9c"},{"page":"/pages/demo/router/home.js","md5":"69f900666407a0b45226d0a79aa4ca8b"},{"page":"/pages/demo/router/index.js","md5":"00f7506922f00e6f73f44614e1da4584"},{"page":"/pages/demo/storage/index.js","md5":"63f1f17a5252037e6fc8ca631dff6765"},{"page":"/iconfont/eros-iconfont.ttf","md5":"09378174bd946e97bad6d10916589980"},{"page":"/iconfont/eros-iconfont.woff","md5":"e7e0f907063d3a9cd2ca76a8dc1bec24"},{"page":"/iconfont/font_1469606063_76593.ttf","md5":"7f64b407dbb118b2bf74aae8488f115e"},{"page":"/iconfont/font_1469606522_9417143.woff","md5":"815be396a2edc810e9daab7eaf94b32e"},{"page":"/iconfont/font_zn5b3jswpofuhaor.ttf","md5":"be67220b1b872c2cba30a35787131d99"},{"page":"/iconfont/iconfont-eros.ttf","md5":"0b8ba2bdcd441231144cb9391e472e08"},{"page":"/iconfont/iconfont.ttf","md5":"fcfd6fc55b5308c896fadc1c08c4b1b0"},{"page":"/assets/demo.jpg","md5":"ccda4109b98125891d8febd85d78a9de"}],"android":"eros-template-version","iOS":"eros-template-version","appName":"eros-template-name","jsVersion":"5f789ad98a3aa080d9ee9bb1eb93292c","timestamp":1528448966080,"jsPath":"https://localhost:3001/static/eros-demo/dist/js/"}
