{"filesMd5":[{"page":"/config/index.js","md5":"fd775fd54b9badef79613d57f21c658a"},{"page":"/mediator/index.js","md5":"e148c4dbf9d7701c9e37244d4b56b699"},{"page":"/pages/demo/assets/index.js","md5":"4c0ac99495233b353c53b95aa8c183e0"},{"page":"/pages/demo/bmcalendar/index.js","md5":"162e2cc2346a9239e5def3bf88cf7936"},{"page":"/pages/demo/bmchart/index.js","md5":"54aa043020732a0ca9a4489055c2d552"},{"page":"/pages/demo/bmrichtext/index.js","md5":"28e22e996d7b8010371559a21ad0383c"},{"page":"/pages/demo/event/a.js","md5":"ce2b1b21229a61ea422f2398b1014822"},{"page":"/pages/demo/event/b.js","md5":"c92a225413a24dd5b79e0da028c90b13"},{"page":"/pages/demo/font/index.js","md5":"686b1d71b667652d0214aa5190f751bf"},{"page":"/pages/demo/globalAttr/index.js","md5":"4528b616a98ecb48bca8b4a205e389af"},{"page":"/pages/demo/image/index.js","md5":"9c084745a49dc7feb2f286a1d4e54fd5"},{"page":"/pages/demo/index.js","md5":"62b10dc0c816b5aa0dff6952885dea57"},{"page":"/pages/demo/inputExtend/index.js","md5":"d6258f8317372641497c7c79dc6b400e"},{"page":"/pages/demo/lifecycle/index.js","md5":"782f13c3204c6f14331107b084716fc5"},{"page":"/pages/demo/notice/index.js","md5":"e9a10b14e2c389ff72c38e9ad8945f0a"},{"page":"/pages/demo/other/bindingx.js","md5":"c1d98847622abf7e5e956034942289fd"},{"page":"/pages/demo/other/waterfall.js","md5":"b26a9e8778e83aaa867353a403ef9cf3"},{"page":"/pages/demo/other/weexui.js","md5":"b235037fcb77ae0bae27b2d8bb3b3869"},{"page":"/pages/demo/refresh/index.js","md5":"e91e996206c2f4db43f6596a08fdd68b"},{"page":"/pages/demo/router/home.js","md5":"15ab2244d9d1423cdebf68a90ca7b75a"},{"page":"/pages/demo/router/index.js","md5":"00565035bdfdb8940787fc1cfbe882df"},{"page":"/pages/demo/storage/index.js","md5":"402e3c5f65c4111e5993e6169b60d35d"},{"page":"/iconfont/font_1469606063_76593.ttf","md5":"f6222bcfedff4a817bb50df7a049d1db"},{"page":"/iconfont/font_1469606522_9417143.woff","md5":"6cf5490fd14ff83350ff952bb5b8e484"},{"page":"/iconfont/font_zn5b3jswpofuhaor.ttf","md5":"c0356b22e8235d2b0be8880cc81894cc"},{"page":"/iconfont/iconfont-eros.ttf","md5":"68780fad0047dc5b02cb613ebb08cda1"},{"page":"/iconfont/iconfont.ttf","md5":"ec86bfe5bdb872bad2b2af4f11da14f4"},{"page":"/assets/demo.jpg","md5":"332c4e7d5398207c1b49750369a72848"}],"android":"eros-template-version","iOS":"eros-template-version","appName":"eros-template-name","jsVersion":"fcd70a0558a17b86be36705348f126ea","timestamp":1521187695072,"jsPath":"https://app.weex-eros.com/source"}
