{"filesMd5":[{"page":"/config/index.js","md5":"b3ec461e9e4d3440fb733ee2b7ff2f79"},{"page":"/mediator/index.js","md5":"79d102ab2397e206961bab8e43d4b4f4"},{"page":"/pages/eros-demos/index.js","md5":"b524ddfef3a68451a46ebf6ade6f28ce"},{"page":"/pages/eros-demos/tab1/tab-page/index.js","md5":"4547d5e3709d5685c451b9547d2b7363"},{"page":"/pages/eros-demos/tab2/amap.js","md5":"e64641694f5637929bf036090f4abe45"},{"page":"/pages/eros-demos/tab2/iconfont.js","md5":"c0d7cefedf4be5e40365b3064988345d"},{"page":"/pages/eros-demos/tab2/index.js","md5":"e522ef4d4ebde2dbfa54255d996a356c"},{"page":"/pages/eros-demos/tab2/router.js","md5":"6492b84a8ef276e446481782cc7784fb"},{"page":"/pages/eros-demos/tab3/demo/index.js","md5":"f14f11fea5b6656e7b7aa185c41a52f5"},{"page":"/pages/eros-demos/tab3/index.js","md5":"e7fcf50974133338ee9cbf9007c4e79e"},{"page":"/pages/eros-demos/tab3/waterfall.js","md5":"255af321fa7d0c69b9aedafdb8394ed5"},{"page":"/iconfont/font_1469606063_76593.ttf","md5":"7f64b407dbb118b2bf74aae8488f115e"},{"page":"/iconfont/font_1469606522_9417143.woff","md5":"815be396a2edc810e9daab7eaf94b32e"},{"page":"/iconfont/font_zn5b3jswpofuhaor.ttf","md5":"be67220b1b872c2cba30a35787131d99"},{"page":"/iconfont/iconfont.ttf","md5":"fcfd6fc55b5308c896fadc1c08c4b1b0"},{"page":"/assets/test.jpeg","md5":"d0175845c26bad1178eeec7315cb1b32"}],"android":"eros-template-version","iOS":"eros-template-version","appName":"eros-template-name","jsVersion":"8b51040c2340dea09a8b9896aeee3c50","timestamp":1515120860341,"jsPath":"https://app.weex-eros.com/source"}
