{"filesMd5":[{"android":"eros-template-version","iOS":"eros-template-version","page":"/config/index.js","md5":"1910160d8c2d4ec89193fddd4dfc4a13"},{"android":"eros-template-version","iOS":"eros-template-version","page":"/mediator/index.js","md5":"0d13ed8bc906b3652592e9634dc9aa94"},{"android":"eros-template-version","iOS":"eros-template-version","page":"/pages/eros-demos/index.js","md5":"184851908cb1d03c240aea435aed34dd"},{"android":"eros-template-version","iOS":"eros-template-version","page":"/pages/eros-demos/tab1/tab-page/index.js","md5":"17e074ee123cf7aef72b969da0d61a33"},{"android":"eros-template-version","iOS":"eros-template-version","page":"/pages/eros-demos/tab2/button.js","md5":"334679143848425a9d2bdd3e2f99b1bd"},{"android":"eros-template-version","iOS":"eros-template-version","page":"/pages/eros-demos/tab2/header.js","md5":"69d95fb82a51c7a208338bcb333b9abc"},{"android":"eros-template-version","iOS":"eros-template-version","page":"/pages/eros-demos/tab2/icon.js","md5":"e2182e033cacf71affaa41e3f183574a"},{"android":"eros-template-version","iOS":"eros-template-version","page":"/pages/eros-demos/tab2/image.js","md5":"774441896baec527f48b70a83f292ab9"},{"android":"eros-template-version","iOS":"eros-template-version","page":"/pages/eros-demos/tab2/index.js","md5":"5a6d2ddd3000f2d1f72dd8d7015ab6e0"},{"android":"eros-template-version","iOS":"eros-template-version","page":"/pages/eros-demos/tab2/tabbar.js","md5":"11351215312444ccc276f9e5997e5d92"},{"android":"eros-template-version","iOS":"eros-template-version","page":"/pages/eros-demos/tab2/tip.js","md5":"c36905d3410cda251c3d73cb8821b67e"},{"android":"eros-template-version","iOS":"eros-template-version","page":"/pages/eros-demos/tab3/amap.js","md5":"7e17b412b9cc99aeacb9b34f0b512c94"},{"android":"eros-template-version","iOS":"eros-template-version","page":"/pages/eros-demos/tab3/iconfont.js","md5":"533f912de8d964da8a0e0371362bbc08"},{"android":"eros-template-version","iOS":"eros-template-version","page":"/pages/eros-demos/tab3/index.js","md5":"37aaf38494f5a837f46e3c14ec64196d"},{"android":"eros-template-version","iOS":"eros-template-version","page":"/pages/eros-demos/tab3/router.js","md5":"4471894ec35592c8d9137f9d8d15251b"},{"android":"eros-template-version","iOS":"eros-template-version","page":"/pages/eros-demos/tab4/demo/index.js","md5":"7e086b3c9fbcf7697b777d0ba9046bcd"},{"android":"eros-template-version","iOS":"eros-template-version","page":"/pages/eros-demos/tab4/index.js","md5":"a65716ca1758e3e886df98346e8f669f"},{"android":"eros-template-version","iOS":"eros-template-version","page":"/pages/eros-demos/tab4/waterfall.js","md5":"e34a5fcd233c432f6c5ef95d8834af9a"},{"android":"eros-template-version","iOS":"eros-template-version","page":"/iconfont/font_1469606063_76593.ttf","md5":"f6222bcfedff4a817bb50df7a049d1db"},{"android":"eros-template-version","iOS":"eros-template-version","page":"/iconfont/font_1469606522_9417143.woff","md5":"6cf5490fd14ff83350ff952bb5b8e484"},{"android":"eros-template-version","iOS":"eros-template-version","page":"/iconfont/font_zn5b3jswpofuhaor.ttf","md5":"c0356b22e8235d2b0be8880cc81894cc"},{"android":"eros-template-version","iOS":"eros-template-version","page":"/iconfont/iconfont.ttf","md5":"ec86bfe5bdb872bad2b2af4f11da14f4"},{"android":"eros-template-version","iOS":"eros-template-version","page":"/assets/test.jpeg","md5":"58c74e921886aa24f88f758d494ebc6a"}],"android":"eros-template-version","iOS":"eros-template-version","appName":"eros-template-name","jsVersion":"1ac90bd1323e8754255a649780e8717b","timestamp":1514368710990,"jsPath":"https://app.weex-eros.com/source"}
