{"filesMd5":[{"page":"/config/index.js","md5":"a06ce1fdb2b55dea5b77ac0e69e3232b"},{"page":"/mediator/index.js","md5":"53fa3672561f1ce0ac8f846431b0b083"},{"page":"/pages/eros-demos/index.js","md5":"ef59eaa1c95878ef0e0ca0d6352e19aa"},{"page":"/pages/eros-demos/tab1/tab-page/index.js","md5":"4a145df51560b4bd55c3090101dfa96e"},{"page":"/pages/eros-demos/tab2/amap.js","md5":"d27df53d1679f0c7fc0bd55a6196efd1"},{"page":"/pages/eros-demos/tab2/iconfont.js","md5":"9b22e9d00325f2b99f264735853d8c85"},{"page":"/pages/eros-demos/tab2/index.js","md5":"9f54e71ee848073af03dab2417a92b15"},{"page":"/pages/eros-demos/tab2/router.js","md5":"08bb3f15b588bad845f243540a459198"},{"page":"/pages/eros-demos/tab3/demo/index.js","md5":"d14013719ab500beb8d1577ba88ef5e4"},{"page":"/pages/eros-demos/tab3/index.js","md5":"f2b0f6c1340404f5a200aed2da9c8aad"},{"page":"/pages/eros-demos/tab3/waterfall.js","md5":"2b4ccb49d18e74c812975b33aa69a6f9"},{"page":"/iconfont/font_1469606063_76593.ttf","md5":"7f64b407dbb118b2bf74aae8488f115e"},{"page":"/iconfont/font_1469606522_9417143.woff","md5":"815be396a2edc810e9daab7eaf94b32e"},{"page":"/iconfont/font_zn5b3jswpofuhaor.ttf","md5":"be67220b1b872c2cba30a35787131d99"},{"page":"/iconfont/iconfont.ttf","md5":"fcfd6fc55b5308c896fadc1c08c4b1b0"},{"page":"/assets/test.jpeg","md5":"d0175845c26bad1178eeec7315cb1b32"}],"android":"eros-template-version","iOS":"eros-template-version","appName":"eros-template-name","jsVersion":"e79d3fa2db685081d827fddb79416137","timestamp":1515751271890,"jsPath":"https://app.weex-eros.com/source"}
