{"filesMd5":[{"android":"eros-template-version","iOS":"eros-template-version","page":"/mediator/index.js","md5":"a6b858ab85747393562b29fd0148cf11"},{"android":"eros-template-version","iOS":"eros-template-version","page":"/pages/eros-demos/index.js","md5":"6fa1835b2c7825c3986f8d73cfb1d34f"},{"android":"eros-template-version","iOS":"eros-template-version","page":"/config/index.js","md5":"d693453c1240990325b2e74f772d55a8"},{"android":"eros-template-version","iOS":"eros-template-version","page":"/pages/eros-demos/tab2/button.js","md5":"44cb6a4d08238a8cf28e095c9aa21b17"},{"android":"eros-template-version","iOS":"eros-template-version","page":"/pages/eros-demos/tab2/header.js","md5":"77256acb3d832003b501cb6d0795a964"},{"android":"eros-template-version","iOS":"eros-template-version","page":"/pages/eros-demos/tab2/image.js","md5":"769352f7b1fe2a2f4fed229cb10f8172"},{"android":"eros-template-version","iOS":"eros-template-version","page":"/pages/eros-demos/tab1/tab-page/index.js","md5":"0b2ef7923116716eaed9ea33431ee83e"},{"android":"eros-template-version","iOS":"eros-template-version","page":"/pages/eros-demos/tab2/tabbar.js","md5":"cf4c25fec76355b9233bb76606a99e51"},{"android":"eros-template-version","iOS":"eros-template-version","page":"/pages/eros-demos/tab3/amap.js","md5":"7c76af446a23c197e857746012729d25"},{"android":"eros-template-version","iOS":"eros-template-version","page":"/pages/eros-demos/tab2/tip.js","md5":"7e71ed1b97cd8a3281e2c35f79808b3c"},{"android":"eros-template-version","iOS":"eros-template-version","page":"/pages/eros-demos/tab2/index.js","md5":"1b1111b613a383d841d4c4d4dfe3212f"},{"android":"eros-template-version","iOS":"eros-template-version","page":"/pages/eros-demos/tab3/iconfont.js","md5":"134e98d9fcab78e5f1879cace1f31cab"},{"android":"eros-template-version","iOS":"eros-template-version","page":"/pages/eros-demos/tab3/index.js","md5":"27625b7c9459db4b7b24fe185259eafd"},{"android":"eros-template-version","iOS":"eros-template-version","page":"/pages/eros-demos/tab3/router.js","md5":"7b864d53a2bad8465bbbe77e20abe6e4"},{"android":"eros-template-version","iOS":"eros-template-version","page":"/pages/eros-demos/tab4/index.js","md5":"03abe1017904197e9275ae495751c31a"},{"android":"eros-template-version","iOS":"eros-template-version","page":"/pages/eros-demos/tab4/waterfall.js","md5":"a83a15efde1abe7984cc9e6c02202e65"},{"android":"eros-template-version","iOS":"eros-template-version","page":"/pages/eros-demos/tab4/demo/index.js","md5":"02b0400ee1ab553a433b746984e3636c"},{"android":"eros-template-version","iOS":"eros-template-version","page":"/pages/eros-demos/tab2/icon.js","md5":"1d9ebae16f122df7abfc7322893e52fc"}],"android":"eros-template-version","iOS":"eros-template-version","appName":"eros-template-name","jsVersion":"7b7eeaba134643949b79f69fd51fa557","timestamp":1511748254994,"jsPath":false}
