{"filesMd5":[{"android":"eros-template-version","iOS":"eros-template-version","page":"/config/index.js","md5":"15839dd9004fa9e8d8d04c993991aa4b"},{"android":"eros-template-version","iOS":"eros-template-version","page":"/mediator/index.js","md5":"79d102ab2397e206961bab8e43d4b4f4"},{"android":"eros-template-version","iOS":"eros-template-version","page":"/pages/eros-demos/index.js","md5":"877fe70ce3905270b4a6c96e086f093b"},{"android":"eros-template-version","iOS":"eros-template-version","page":"/pages/eros-demos/tab1/tab-page/index.js","md5":"5f606e03d00d0f46a0063bbab63689d6"},{"android":"eros-template-version","iOS":"eros-template-version","page":"/pages/eros-demos/tab2/amap.js","md5":"3e93d411d3150bac1be2bf1ec3d2c15f"},{"android":"eros-template-version","iOS":"eros-template-version","page":"/pages/eros-demos/tab2/iconfont.js","md5":"63233bf0a7827b40de0230c1498e3571"},{"android":"eros-template-version","iOS":"eros-template-version","page":"/pages/eros-demos/tab2/index.js","md5":"3a31cd2ff9e29db19ce078812f548388"},{"android":"eros-template-version","iOS":"eros-template-version","page":"/pages/eros-demos/tab2/router.js","md5":"4ada863519432a80e4e0d85d13b7181b"},{"android":"eros-template-version","iOS":"eros-template-version","page":"/pages/eros-demos/tab3/demo/index.js","md5":"30c285487c51aea815997593ce91950f"},{"android":"eros-template-version","iOS":"eros-template-version","page":"/pages/eros-demos/tab3/index.js","md5":"f46b82674606d39f15d7621c9a0b39fa"},{"android":"eros-template-version","iOS":"eros-template-version","page":"/pages/eros-demos/tab3/waterfall.js","md5":"88f8475c1d167a01bd57de9f517ad23c"}],"android":"eros-template-version","iOS":"eros-template-version","appName":"eros-template-name","jsVersion":"e2dcef3fcdd2329a7087b923dd5a95e6","timestamp":1514534147391,"jsPath":"https://app.weex-eros.com/source"}
