{"filesMd5":[{"android":"eros-template-version","iOS":"eros-template-version","page":"/config/index.js","md5":"a3b33edeb25151117e7db04c0fcd783e"},{"android":"eros-template-version","iOS":"eros-template-version","page":"/mediator/index.js","md5":"55c46579673d7b123270c3aa93164c1c"},{"android":"eros-template-version","iOS":"eros-template-version","page":"/pages/eros-demos/index.js","md5":"352dba84d17ee66c3963deb74acc8e83"},{"android":"eros-template-version","iOS":"eros-template-version","page":"/pages/eros-demos/tab1/tab-page/index.js","md5":"fc08587ec75aa8722393b4943f93f34c"},{"android":"eros-template-version","iOS":"eros-template-version","page":"/pages/eros-demos/tab2/button.js","md5":"ef7ff5a28c69b8fa44680eb2038a3f8f"},{"android":"eros-template-version","iOS":"eros-template-version","page":"/pages/eros-demos/tab2/header.js","md5":"a02c0e2e634f488d26416635de3f2bac"},{"android":"eros-template-version","iOS":"eros-template-version","page":"/pages/eros-demos/tab2/icon.js","md5":"8e0e3e2265b2ee54f5b78ed6a6ed302e"},{"android":"eros-template-version","iOS":"eros-template-version","page":"/pages/eros-demos/tab2/image.js","md5":"8edb69efb341afed001017041a285c5e"},{"android":"eros-template-version","iOS":"eros-template-version","page":"/pages/eros-demos/tab2/index.js","md5":"04f9f7b9dc4e6687e1469af6a29d2b5a"},{"android":"eros-template-version","iOS":"eros-template-version","page":"/pages/eros-demos/tab2/tabbar.js","md5":"691e8dc23ba1faf055551d819c36322e"},{"android":"eros-template-version","iOS":"eros-template-version","page":"/pages/eros-demos/tab2/tip.js","md5":"89289acd6332db726cdc26acd348509d"},{"android":"eros-template-version","iOS":"eros-template-version","page":"/pages/eros-demos/tab3/amap.js","md5":"f0d1bdce17e7b506f537005e1de2bebf"},{"android":"eros-template-version","iOS":"eros-template-version","page":"/pages/eros-demos/tab3/iconfont.js","md5":"d37f0a6ea7bc6e52bf3fb9f88eb96b5e"},{"android":"eros-template-version","iOS":"eros-template-version","page":"/pages/eros-demos/tab3/index.js","md5":"0965fe690a7279fe8c2f853224271789"},{"android":"eros-template-version","iOS":"eros-template-version","page":"/pages/eros-demos/tab3/router.js","md5":"cd5473684537ba765afccadfe88b915a"},{"android":"eros-template-version","iOS":"eros-template-version","page":"/pages/eros-demos/tab4/demo/index.js","md5":"7116a11dc2d6292e07dd7f6a2a71881b"},{"android":"eros-template-version","iOS":"eros-template-version","page":"/pages/eros-demos/tab4/index.js","md5":"0c0d90038b6f6423fe290c8afa638c46"},{"android":"eros-template-version","iOS":"eros-template-version","page":"/pages/eros-demos/tab4/waterfall.js","md5":"bedd46ca18a8a9ff5440e9689e13bf46"},{"android":"eros-template-version","iOS":"eros-template-version","page":"/iconfont/font_1469606063_76593.ttf","md5":"f6222bcfedff4a817bb50df7a049d1db"},{"android":"eros-template-version","iOS":"eros-template-version","page":"/iconfont/font_1469606522_9417143.woff","md5":"6cf5490fd14ff83350ff952bb5b8e484"},{"android":"eros-template-version","iOS":"eros-template-version","page":"/iconfont/font_zn5b3jswpofuhaor.ttf","md5":"c0356b22e8235d2b0be8880cc81894cc"},{"android":"eros-template-version","iOS":"eros-template-version","page":"/iconfont/iconfont.ttf","md5":"ec86bfe5bdb872bad2b2af4f11da14f4"},{"android":"eros-template-version","iOS":"eros-template-version","page":"/assets/test.jpeg","md5":"58c74e921886aa24f88f758d494ebc6a"}],"android":"eros-template-version","iOS":"eros-template-version","appName":"eros-template-name","jsVersion":"bc9222b19d4eb68cd538c5a7b651505c","timestamp":1511747170195,"jsPath":"https://app.weex-eros.com/source"}
