{"filesMd5":[{"page":"/config/index.js","md5":"5c35fadd07b486cf52eef8aba3ecde43"},{"page":"/mediator/index.js","md5":"5878636f885d19d9945035cf2683877e"},{"page":"/pages/demo/assets/index.js","md5":"b77c2745e4ae20095c35577b97f9cdd0"},{"page":"/pages/demo/bmcalendar/index.js","md5":"60e03a2a3155fa534a114eeae900d5d1"},{"page":"/pages/demo/bmchart/index.js","md5":"3dce6acb5fb6a7fb760978d3f64851f3"},{"page":"/pages/demo/bmrichtext/index.js","md5":"b410dad2ad50336bb3edccc34d259b57"},{"page":"/pages/demo/event/a.js","md5":"077df49f049c5a09e88d90bcf75c8fe5"},{"page":"/pages/demo/event/b.js","md5":"f8781559a3e772bce4246d0cf6c9cadb"},{"page":"/pages/demo/font/index.js","md5":"dd0bdb0c0ef76a9a224eb35f95aa5fee"},{"page":"/pages/demo/globalAttr/index.js","md5":"1faee1547fea9299404d4fa169bbeb3f"},{"page":"/pages/demo/image/index.js","md5":"c626e78dec78c24ee057b28415daedef"},{"page":"/pages/demo/index.js","md5":"4519a113808ef87720877e11a6381f36"},{"page":"/pages/demo/inputExtend/index.js","md5":"d079b0cfa829c68a0bce938a24927085"},{"page":"/pages/demo/lifecycle/index.js","md5":"c32a411b1b00867f8a871b8b16bc7cc4"},{"page":"/pages/demo/notice/index.js","md5":"d442147c549672c06cd4cfc5ee24353c"},{"page":"/pages/demo/other/bindingx.js","md5":"f7f10597a135d69871acbd3d5fa87d39"},{"page":"/pages/demo/other/bui.js","md5":"1805777b02737196f8dc58656998f829"},{"page":"/pages/demo/other/weexui.js","md5":"db1b40801c6e4870c17033f452293fa3"},{"page":"/pages/demo/refresh/index.js","md5":"8e0f16a390330aa5edd1c0ca7331b72f"},{"page":"/pages/demo/router/index.js","md5":"55509c4e8f2bef80a3031eada6800708"},{"page":"/pages/demo/router/tabbarItem1.js","md5":"7fc72733ec6e7bc311b40a73e82e62d3"},{"page":"/pages/demo/router/tabbarItem2.js","md5":"27b232f0c3687579d27f6ada54992733"},{"page":"/pages/demo/router/tabbarItem3.js","md5":"dceb72494664fb3e489c03e4e497b1c6"},{"page":"/pages/demo/storage/index.js","md5":"29a6130f0346512458714775dbb40801"},{"page":"/iconfont/font_1469606063_76593.ttf","md5":"f6222bcfedff4a817bb50df7a049d1db"},{"page":"/iconfont/font_1469606522_9417143.woff","md5":"6cf5490fd14ff83350ff952bb5b8e484"},{"page":"/iconfont/font_zn5b3jswpofuhaor.ttf","md5":"c0356b22e8235d2b0be8880cc81894cc"},{"page":"/iconfont/iconfont-eros.ttf","md5":"68780fad0047dc5b02cb613ebb08cda1"},{"page":"/iconfont/iconfont.ttf","md5":"ec86bfe5bdb872bad2b2af4f11da14f4"},{"page":"/assets/TabBar_Item1@2x.png","md5":"02c1875f727a1f4ec7a9e113498a96a5"},{"page":"/assets/TabBar_Item1_Selected@2x.png","md5":"d5e7609700d9a4f075e39b20fecbb9c3"},{"page":"/assets/TabBar_Item2@2x.png","md5":"a30651ed422c597849ce3d69b2f79048"},{"page":"/assets/TabBar_Item2_Selected@2x.png","md5":"fe893d14ff2d7b330a4aeefddbd8a7fa"},{"page":"/assets/TabBar_Item3@2x.png","md5":"fd2645e8081db44f2110661c2643f5cf"},{"page":"/assets/TabBar_Item3_Selected@2x.png","md5":"457d615a5c198b0148609f5eed84be70"},{"page":"/assets/demo.jpg","md5":"332c4e7d5398207c1b49750369a72848"}],"android":"eros-template-version","iOS":"eros-template-version","appName":"eros-template-name","jsVersion":"a90c1ff0470222e01c50d98d7b4ff431","timestamp":1528188944873,"jsPath":"https://app.weex-eros.com/source"}
