{"filesMd5":[{"android":"eros-template-version","iOS":"eros-template-version","page":"/config/index.js","md5":"140d2fb28f110bbbf278655d127e0332"},{"android":"eros-template-version","iOS":"eros-template-version","page":"/mediator/index.js","md5":"8bc8eed737028a2af131e21492ac1159"},{"android":"eros-template-version","iOS":"eros-template-version","page":"/pages/eros-demos/index.js","md5":"fcefb81e9eaca3855500f990c6280795"},{"android":"eros-template-version","iOS":"eros-template-version","page":"/pages/eros-demos/tab1/tab-page/index.js","md5":"fee28a0316284d9fd894829faa5cf38b"},{"android":"eros-template-version","iOS":"eros-template-version","page":"/pages/eros-demos/tab2/amap.js","md5":"36c2e6d507f71ce01b49bd75c9367973"},{"android":"eros-template-version","iOS":"eros-template-version","page":"/pages/eros-demos/tab2/iconfont.js","md5":"ddf907784167058515c5f45401b555b7"},{"android":"eros-template-version","iOS":"eros-template-version","page":"/pages/eros-demos/tab2/index.js","md5":"71ca4f806a02475700e87dd3c2d1dc02"},{"android":"eros-template-version","iOS":"eros-template-version","page":"/pages/eros-demos/tab2/router.js","md5":"e1d366ce9403e1d379f0814a12f147c1"},{"android":"eros-template-version","iOS":"eros-template-version","page":"/pages/eros-demos/tab3/demo/index.js","md5":"6fbbedcaadebc9652de3b85e5f14a2c8"},{"android":"eros-template-version","iOS":"eros-template-version","page":"/pages/eros-demos/tab3/index.js","md5":"d3177e1f2d05159da3cf09bc66e4b852"},{"android":"eros-template-version","iOS":"eros-template-version","page":"/pages/eros-demos/tab3/waterfall.js","md5":"29e8075fb03f2f1f5f86d4f8d56cb203"}],"android":"eros-template-version","iOS":"eros-template-version","appName":"eros-template-name","jsVersion":"b136af3660c0ca5437bfe853a8092340","timestamp":1514607643540,"jsPath":"https://app.weex-eros.com/source"}
