{"filesMd5":[{"android":"weex-eros-version","iOS":"weex-eros-version","page":"/pages/eros-demos/index.js","md5":"4d5548b00853929be813264d3cf015a0"},{"android":"weex-eros-version","iOS":"weex-eros-version","page":"/pages/eros-demos/tab1/tab-page/index.js","md5":"a91328bb02ec7ac1480277e4c9173e52"},{"android":"weex-eros-version","iOS":"weex-eros-version","page":"/pages/eros-demos/tab2/header.js","md5":"cda38e52cc1c4dafbe7c07692e3bf3c0"},{"android":"weex-eros-version","iOS":"weex-eros-version","page":"/pages/eros-demos/tab2/button.js","md5":"613ac0604e6bc77df8186be102f07f19"},{"android":"weex-eros-version","iOS":"weex-eros-version","page":"/pages/eros-demos/tab2/icon.js","md5":"c18e6740c362272a1f2c2d5ba6719fda"},{"android":"weex-eros-version","iOS":"weex-eros-version","page":"/pages/eros-demos/tab2/image.js","md5":"48d00adc6d0b5e146c540c29e04b63a2"},{"android":"weex-eros-version","iOS":"weex-eros-version","page":"/pages/eros-demos/tab2/index.js","md5":"d0e811f603391a1a97df66616ecabfe1"},{"android":"weex-eros-version","iOS":"weex-eros-version","page":"/pages/eros-demos/tab2/tabbar.js","md5":"b26a9ce61bc76acf507c70b155601d4b"},{"android":"weex-eros-version","iOS":"weex-eros-version","page":"/pages/eros-demos/tab2/tip.js","md5":"50dbc751731f6de767ecff837d10fb97"},{"android":"weex-eros-version","iOS":"weex-eros-version","page":"/pages/eros-demos/tab3/amap.js","md5":"f17ef815316bc69dbcf89806d0515f86"},{"android":"weex-eros-version","iOS":"weex-eros-version","page":"/pages/eros-demos/tab3/iconfont.js","md5":"8fe42680913c3b1389d90eb13e04795e"},{"android":"weex-eros-version","iOS":"weex-eros-version","page":"/pages/eros-demos/tab3/index.js","md5":"6572110535a94f4860d58fa12ce058cb"},{"android":"weex-eros-version","iOS":"weex-eros-version","page":"/pages/eros-demos/tab4/demo/index.js","md5":"b5de1cf66cd122e867fdff0ad2b64ee1"},{"android":"weex-eros-version","iOS":"weex-eros-version","page":"/pages/eros-demos/tab3/router.js","md5":"8de175664b4473ace61d0fe5c25a05ff"},{"android":"weex-eros-version","iOS":"weex-eros-version","page":"/pages/eros-demos/tab4/index.js","md5":"c6937c868f1cb7177b102267eead1ed0"},{"android":"weex-eros-version","iOS":"weex-eros-version","page":"/pages/eros-demos/tab4/waterfall.js","md5":"a2606872f4fc33ab4f12a03e224db8f6"},{"android":"weex-eros-version","iOS":"weex-eros-version","page":"/pages/meditor/index.js","md5":"a1a5b5966ca308661a25deb5d4c9e77f"},{"android":"weex-eros-version","iOS":"weex-eros-version","page":"/iconfont/font_1469606063_76593.ttf","md5":"f6222bcfedff4a817bb50df7a049d1db"},{"android":"weex-eros-version","iOS":"weex-eros-version","page":"/iconfont/font_1469606522_9417143.woff","md5":"6cf5490fd14ff83350ff952bb5b8e484"},{"android":"weex-eros-version","iOS":"weex-eros-version","page":"/iconfont/font_zn5b3jswpofuhaor.ttf","md5":"c0356b22e8235d2b0be8880cc81894cc"},{"android":"weex-eros-version","iOS":"weex-eros-version","page":"/iconfont/iconfont.ttf","md5":"ec86bfe5bdb872bad2b2af4f11da14f4"}],"android":"weex-eros-version","iOS":"weex-eros-version","appName":"weex-eros-template","jsVersion":"2f45f652feb91f645589b23f40dc336a","timestamp":1508841059533,"jsPath":false}
